Warning 2026-09-29 21:51:58:141  DevID:  Source-Line:libMvCameraControl.so(GenTLLoadLibraryEx.cpp-L0350)  ProcessName:hikrobot_camera_node(14743)     Description:[LoadCtiLibInter]MV_GCSetConfigIntValue is NULL, CTI path[/opt/MVS/lib/64/libMvProducerVIR.so]
Info    2026-09-29 21:51:58:141  DevID:  Source-Line:libMvCameraControl.so(GigELoadLibrary.cpp-L1611)  ProcessName:hikrobot_camera_node(14743)     Description:[LoadGigEAllFunctions]Load MVGigEVisionSDK success
Warning 2026-09-29 21:51:58:153  DevID:Virtual GigE Vision  Source-Line:libMvCameraControl.so(GenTLManager.cpp-L1373)  ProcessName:hikrobot_camera_node(14743)     Description:[OpenInterfaceInter]Get cti version failed, nRet[0x8000000c]
Info    2026-09-29 21:51:58:153  DevID:Virtual GigE Vision  Source-Line:libMvCameraControl.so(GenTLManager.cpp-L1375)  ProcessName:hikrobot_camera_node(14743)     Description:[OpenInterfaceInter]Interface open success! VIRGEVCtiVersion[], VIRGEVDrvVersion[]
Warning 2026-09-29 21:51:58:153  DevID:Virtual USB3 Vision  Source-Line:libMvCameraControl.so(GenTLManager.cpp-L1373)  ProcessName:hikrobot_camera_node(14743)     Description:[OpenInterfaceInter]Get cti version failed, nRet[0x8000000c]
Info    2026-09-29 21:51:58:153  DevID:Virtual USB3 Vision  Source-Line:libMvCameraControl.so(GenTLManager.cpp-L1375)  ProcessName:hikrobot_camera_node(14743)     Description:[OpenInterfaceInter]Interface open success! VIRU3VCtiVersion[], VIRU3VDrvVersion[]
Info    2026-09-29 21:51:58:242  DevID:Vir68822424  Source-Line:libMvCameraControl.so(MediaProcess.cpp-L0880)  ProcessName:hikrobot_camera_node(14743)     Description:[SetBayerCvtQuality]Set Bayer CvtQuality success! BayerCvtQuality[1]
Info    2026-09-29 21:51:58:242  DevID:Vir68822424  Source-Line:libMvCameraControl.so(MediaProcess.cpp-L1876)  ProcessName:hikrobot_camera_node(14743)     Description:[SetBayerThreadNum]Set Bayer Thread Num success! BayerThreadNum[4]
Info    2026-09-29 21:51:58:242  DevID:Vir68822424  Source-Line:libMvCameraControl.so(MediaProcess.cpp-L0880)  ProcessName:hikrobot_camera_node(14743)     Description:[SetBayerCvtQuality]Set Bayer CvtQuality success! BayerCvtQuality[1]
Info    2026-09-29 21:51:58:242  DevID:Vir68822424  Source-Line:libMvCameraControl.so(MediaProcess.cpp-L1876)  ProcessName:hikrobot_camera_node(14743)     Description:[SetBayerThreadNum]Set Bayer Thread Num success! BayerThreadNum[4]
Error   2026-09-29 21:51:58:242  DevID:Vir68822424  Source-Line:libMvCameraControl.so(GenTLManager.cpp-L0561)  ProcessName:hikrobot_camera_node(14743)     Description:[OpenDevice]IFOpenDevice failed! Ret[0x80000203], InterfaceID[Virtual GigE Vision]
Info    2026-09-29 21:54:13:389  DevID:  Source-Line:libMvCameraControl.so(GigELoadLibrary.cpp-L1611)  ProcessName:hikrobot_camera_node(14970)     Description:[LoadGigEAllFunctions]Load MVGigEVisionSDK success
Warning 2026-09-29 21:54:13:390  DevID:  Source-Line:libMvCameraControl.so(GenTLLoadLibraryEx.cpp-L0350)  ProcessName:hikrobot_camera_node(14970)     Description:[LoadCtiLibInter]MV_GCSetConfigIntValue is NULL, CTI path[/opt/MVS/lib/64/libMvProducerVIR.so]
Warning 2026-09-29 21:54:13:390  DevID:Virtual USB3 Vision  Source-Line:libMvCameraControl.so(GenTLManager.cpp-L1373)  ProcessName:hikrobot_camera_node(14970)     Description:[OpenInterfaceInter]Get cti version failed, nRet[0x8000000c]
Info    2026-09-29 21:54:13:390  DevID:Virtual USB3 Vision  Source-Line:libMvCameraControl.so(GenTLManager.cpp-L1375)  ProcessName:hikrobot_camera_node(14970)     Description:[OpenInterfaceInter]Interface open success! VIRU3VCtiVersion[], VIRU3VDrvVersion[]
Warning 2026-09-29 21:54:13:404  DevID:Virtual GigE Vision  Source-Line:libMvCameraControl.so(GenTLManager.cpp-L1373)  ProcessName:hikrobot_camera_node(14970)     Description:[OpenInterfaceInter]Get cti version failed, nRet[0x8000000c]
Info    2026-09-29 21:54:13:404  DevID:Virtual GigE Vision  Source-Line:libMvCameraControl.so(GenTLManager.cpp-L1375)  ProcessName:hikrobot_camera_node(14970)     Description:[OpenInterfaceInter]Interface open success! VIRGEVCtiVersion[], VIRGEVDrvVersion[]
Info    2026-09-29 21:54:13:491  DevID:Vir68822424  Source-Line:libMvCameraControl.so(MediaProcess.cpp-L0880)  ProcessName:hikrobot_camera_node(14970)     Description:[SetBayerCvtQuality]Set Bayer CvtQuality success! BayerCvtQuality[1]
Info    2026-09-29 21:54:13:491  DevID:Vir68822424  Source-Line:libMvCameraControl.so(MediaProcess.cpp-L1876)  ProcessName:hikrobot_camera_node(14970)     Description:[SetBayerThreadNum]Set Bayer Thread Num success! BayerThreadNum[4]
Info    2026-09-29 21:54:13:491  DevID:Vir68822424  Source-Line:libMvCameraControl.so(MediaProcess.cpp-L0880)  ProcessName:hikrobot_camera_node(14970)     Description:[SetBayerCvtQuality]Set Bayer CvtQuality success! BayerCvtQuality[1]
Info    2026-09-29 21:54:13:491  DevID:Vir68822424  Source-Line:libMvCameraControl.so(MediaProcess.cpp-L1876)  ProcessName:hikrobot_camera_node(14970)     Description:[SetBayerThreadNum]Set Bayer Thread Num success! BayerThreadNum[4]
Error   2026-09-29 21:54:13:491  DevID:Vir68822424  Source-Line:libMvCameraControl.so(GenTLManager.cpp-L0561)  ProcessName:hikrobot_camera_node(14970)     Description:[OpenDevice]IFOpenDevice failed! Ret[0x80000203], InterfaceID[Virtual GigE Vision]
Warning 2026-09-29 21:57:14:768  DevID:  Source-Line:libMvCameraControl.so(GenTLLoadLibraryEx.cpp-L0350)  ProcessName:hikrobot_camera_node(16164)     Description:[LoadCtiLibInter]MV_GCSetConfigIntValue is NULL, CTI path[/opt/MVS/lib/64/libMvProducerVIR.so]
Warning 2026-09-29 21:57:14:768  DevID:Virtual GigE Vision  Source-Line:libMvCameraControl.so(GenTLManager.cpp-L1373)  ProcessName:hikrobot_camera_node(16164)     Description:[OpenInterfaceInter]Get cti version failed, nRet[0x8000000c]
Info    2026-09-29 21:57:14:768  DevID:Virtual GigE Vision  Source-Line:libMvCameraControl.so(GenTLManager.cpp-L1375)  ProcessName:hikrobot_camera_node(16164)     Description:[OpenInterfaceInter]Interface open success! VIRGEVCtiVersion[], VIRGEVDrvVersion[]
Info    2026-09-29 21:57:14:768  DevID:  Source-Line:libMvCameraControl.so(GigELoadLibrary.cpp-L1611)  ProcessName:hikrobot_camera_node(16164)     Description:[LoadGigEAllFunctions]Load MVGigEVisionSDK success
Warning 2026-09-29 21:57:14:786  DevID:Virtual USB3 Vision  Source-Line:libMvCameraControl.so(GenTLManager.cpp-L1373)  ProcessName:hikrobot_camera_node(16164)     Description:[OpenInterfaceInter]Get cti version failed, nRet[0x8000000c]
Info    2026-09-29 21:57:14:786  DevID:Virtual USB3 Vision  Source-Line:libMvCameraControl.so(GenTLManager.cpp-L1375)  ProcessName:hikrobot_camera_node(16164)     Description:[OpenInterfaceInter]Interface open success! VIRU3VCtiVersion[], VIRU3VDrvVersion[]
Info    2026-09-29 21:57:14:869  DevID:Vir68822424  Source-Line:libMvCameraControl.so(MediaProcess.cpp-L0880)  ProcessName:hikrobot_camera_node(16164)     Description:[SetBayerCvtQuality]Set Bayer CvtQuality success! BayerCvtQuality[1]
Info    2026-09-29 21:57:14:869  DevID:Vir68822424  Source-Line:libMvCameraControl.so(MediaProcess.cpp-L1876)  ProcessName:hikrobot_camera_node(16164)     Description:[SetBayerThreadNum]Set Bayer Thread Num success! BayerThreadNum[4]
Info    2026-09-29 21:57:14:869  DevID:Vir68822424  Source-Line:libMvCameraControl.so(MediaProcess.cpp-L0880)  ProcessName:hikrobot_camera_node(16164)     Description:[SetBayerCvtQuality]Set Bayer CvtQuality success! BayerCvtQuality[1]
Info    2026-09-29 21:57:14:869  DevID:Vir68822424  Source-Line:libMvCameraControl.so(MediaProcess.cpp-L1876)  ProcessName:hikrobot_camera_node(16164)     Description:[SetBayerThreadNum]Set Bayer Thread Num success! BayerThreadNum[4]
Error   2026-09-29 21:57:14:869  DevID:Vir68822424  Source-Line:libMvCameraControl.so(GenTLManager.cpp-L0561)  ProcessName:hikrobot_camera_node(16164)     Description:[OpenDevice]IFOpenDevice failed! Ret[0x80000203], InterfaceID[Virtual GigE Vision]
Info    2026-09-29 23:15:47:505  DevID:  Source-Line:libMvCameraControl.so(GigELoadLibrary.cpp-L1611)  ProcessName:hikrobot_camera_node(36856)     Description:[LoadGigEAllFunctions]Load MVGigEVisionSDK success
Warning 2026-09-29 23:15:47:507  DevID:  Source-Line:libMvCameraControl.so(GenTLLoadLibraryEx.cpp-L0350)  ProcessName:hikrobot_camera_node(36856)     Description:[LoadCtiLibInter]MV_GCSetConfigIntValue is NULL, CTI path[/opt/MVS/lib/64/libMvProducerVIR.so]
Warning 2026-09-29 23:15:47:507  DevID:Virtual GigE Vision  Source-Line:libMvCameraControl.so(GenTLManager.cpp-L1373)  ProcessName:hikrobot_camera_node(36856)     Description:[OpenInterfaceInter]Get cti version failed, nRet[0x8000000c]
Info    2026-09-29 23:15:47:507  DevID:Virtual GigE Vision  Source-Line:libMvCameraControl.so(GenTLManager.cpp-L1375)  ProcessName:hikrobot_camera_node(36856)     Description:[OpenInterfaceInter]Interface open success! VIRGEVCtiVersion[], VIRGEVDrvVersion[]
Warning 2026-09-29 23:15:47:519  DevID:Virtual USB3 Vision  Source-Line:libMvCameraControl.so(GenTLManager.cpp-L1373)  ProcessName:hikrobot_camera_node(36856)     Description:[OpenInterfaceInter]Get cti version failed, nRet[0x8000000c]
Info    2026-09-29 23:15:47:519  DevID:Virtual USB3 Vision  Source-Line:libMvCameraControl.so(GenTLManager.cpp-L1375)  ProcessName:hikrobot_camera_node(36856)     Description:[OpenInterfaceInter]Interface open success! VIRU3VCtiVersion[], VIRU3VDrvVersion[]
Info    2026-09-29 23:15:47:607  DevID:MV-CA016-10UC(00D36741056)  Source-Line:libMvCameraControl.so(U3VDevice.cpp-L0200)  ProcessName:hikrobot_camera_node(36856)     Description:[Init][U3V Info]Speed[0x300], DeviceAddress[0], VendorName[Hikvision], ManufacturerInfo[Hikvision], DeviceVersion[V1.4.8 181031 206647], UserID[]
Info    2026-09-29 23:15:47:607  DevID:MV-CA016-10UC(00D36741056)  Source-Line:libMvCameraControl.so(MediaProcess.cpp-L0880)  ProcessName:hikrobot_camera_node(36856)     Description:[SetBayerCvtQuality]Set Bayer CvtQuality success! BayerCvtQuality[1]
Info    2026-09-29 23:15:47:607  DevID:MV-CA016-10UC(00D36741056)  Source-Line:libMvCameraControl.so(MediaProcess.cpp-L1876)  ProcessName:hikrobot_camera_node(36856)     Description:[SetBayerThreadNum]Set Bayer Thread Num success! BayerThreadNum[4]
Info    2026-09-29 23:15:47:607  DevID:MV-CA016-10UC(00D36741056)  Source-Line:libMvCameraControl.so(MediaProcess.cpp-L0880)  ProcessName:hikrobot_camera_node(36856)     Description:[SetBayerCvtQuality]Set Bayer CvtQuality success! BayerCvtQuality[1]
Info    2026-09-29 23:15:47:607  DevID:MV-CA016-10UC(00D36741056)  Source-Line:libMvCameraControl.so(MediaProcess.cpp-L1876)  ProcessName:hikrobot_camera_node(36856)     Description:[SetBayerThreadNum]Set Bayer Thread Num success! BayerThreadNum[4]
Info    2026-09-29 23:15:47:607  DevID:MV-CA016-10UC(00D36741056)  Source-Line:libMvCameraControl.so(U3VDevice.cpp-L0854)  ProcessName:hikrobot_camera_node(36856)     Description:[RecordSdkVersion]CamCtrl[0x4080201], U3V SDKVersion[0x4080002], DriverVersion[0x0]
Info    2026-09-29 23:15:47:824  DevID:  Source-Line:libMvCameraControl.so(CacheXmlToFile.cpp-L0616)  ProcessName:hikrobot_camera_node(36856)     Description:[ReadCacheFile]ReadLocalFile XMLPath[SchemaVersion.1.0@Hikvision#U3V#MV-CA016-10UC#V1.4.8 181031 206647@XMLVersion.1.0.0.zip]
Info    2026-09-29 23:15:47:824  DevID:MV-CA016-10UC(00D36741056)  Source-Line:libMvCameraControl.so(U3VDevice.cpp-L0609)  ProcessName:hikrobot_camera_node(36856)     Description:[GetXmlInfo]Get GenICamXML From local file, len [0xc07f] Type[1]
Info    2026-09-29 23:15:47:824  DevID:MV-CA016-10UC(00D36741056)  Source-Line:libMvCameraControl.so(U3VDevice.cpp-L1072)  ProcessName:hikrobot_camera_node(36856)     Description:[OpenDevice]Get GenICamXML len [0xc07f] Type[1]
Info    2026-09-29 23:15:47:870  DevID:MV-CA016-10UC(00D36741056)  Source-Line:libMvCameraControl.so(U3VDevice.cpp-L1315)  ProcessName:hikrobot_camera_node(36856)     Description:[SetTransferSize]Set Transfer Size success! TransferSize[1048576]
Info    2026-09-29 23:15:47:870  DevID:MV-CA016-10UC(00D36741056)  Source-Line:libMvCameraControl.so(U3VDevice.cpp-L1371)  ProcessName:hikrobot_camera_node(36856)     Description:[SetStreamPayloadTimeout]Set StreamPayload Timeout success! StreamPayloadTimeout[50]
Info    2026-09-29 23:15:47:870  DevID:MV-CA016-10UC(00D36741056)  Source-Line:libMvCameraControl.so(U3VDevice.cpp-L1399)  ProcessName:hikrobot_camera_node(36856)     Description:[SetSIControlRegTimeout]Set nSIControlReg Timeout success! nSIControlRegTimeout[30]
Info    2026-09-29 23:15:47:870  DevID:MV-CA016-10UC(00D36741056)  Source-Line:libMvCameraControl.so(U3VDevice.cpp-L1427)  ProcessName:hikrobot_camera_node(36856)     Description:[SetSyncTimeout]Set sync Timeout success! nSyncTimeout[1000]
Info    2026-09-29 23:15:47:871  DevID:MV-CA016-10UC(00D36741056)  Source-Line:libMvCameraControl.so(GenICamImpl.cpp-L0802)  ProcessName:hikrobot_camera_node(36856)     Description:[InvalidateNodes]Invalidate Nodes success
Info    2026-09-29 23:15:47:871  DevID:MV-CA016-10UC(00D36741056)  Source-Line:libMvCameraControl.so(U3VDevice.cpp-L1104)  ProcessName:hikrobot_camera_node(36856)     Description:[OpenDevice]Invalidate Nodes success
Info    2026-09-29 23:15:47:871  DevID:MV-CA016-10UC(00D36741056)  Source-Line:libMvCameraControl.so(U3VDevice.cpp-L1939)  ProcessName:hikrobot_camera_node(36856)     Description:[GetDeviceBasicInfo]Device serial number: 00D36741056
Info    2026-09-29 23:15:47:872  DevID:MV-CA016-10UC(00D36741056)  Source-Line:libMvCameraControl.so(U3VDevice.cpp-L1961)  ProcessName:hikrobot_camera_node(36856)     Description:[GetDeviceBasicInfo]Device model name: MV-CA016-10UC
Error   2026-09-29 23:15:47:872  DevID:MV-CA016-10UC(00D36741056)  Source-Line:libMvCameraControl.so(GenICamImpl.cpp-L1181)  ProcessName:hikrobot_camera_node(36856)     Description:[XML_GetNodeAccessMode]PropertyName[AlgorithmAbility], Ret[0x80000109]
Warning 2026-09-29 23:15:47:872  DevID:MV-CA016-10UC(00D36741056)  Source-Line:libMvCameraControl.so(U3VDevice.cpp-L1984)  ProcessName:hikrobot_camera_node(36856)     Description:[GetDeviceBasicInfo]Device not support algorithm ability!
Info    2026-09-29 23:15:47:872  DevID:MV-CA016-10UC(00D36741056)  Source-Line:libMvCameraControl.so(StreamGrab.cpp-L0240)  ProcessName:hikrobot_camera_node(36856)     Description:[Open]Stream channel[0] opened
Info    2026-09-29 23:15:47:873  DevID:MV-CA016-10UC(00D36741056)  Source-Line:libMvCameraControl.so(U3VDevice.cpp-L1122)  ProcessName:hikrobot_camera_node(36856)     Description:[OpenDevice]Open device success! PrivilegeMode[1], SwitchoverKey[0], DeviceUptime[13],DeviceFirmwareVersion[V1.4.8 181031,18053001]
Info    2026-09-29 23:15:47:873  DevID:MV-CA016-10UC(00D36741056)  Source-Line:libMvCameraControl.so(MediaProcess.cpp-L0880)  ProcessName:hikrobot_camera_node(36856)     Description:[SetBayerCvtQuality]Set Bayer CvtQuality success! BayerCvtQuality[1]
Info    2026-09-29 23:15:47:873  DevID:MV-CA016-10UC(00D36741056)  Source-Line:libMvCameraControl.so(MediaProcess.cpp-L1876)  ProcessName:hikrobot_camera_node(36856)     Description:[SetBayerThreadNum]Set Bayer Thread Num success! BayerThreadNum[4]
Info    2026-09-29 23:15:47:873  DevID:MV-CA016-10UC(00D36741056)  Source-Line:libMvCameraControl.so(U3VDevice.cpp-L1139)  ProcessName:hikrobot_camera_node(36856)     Description:[OpenDevice]OpenDevice, cost time 266.000000ms 
Info    2026-09-29 23:15:47:873  DevID:  Source-Line:libMvCameraControl.so(GenICamImpl.cpp-L2412)  ProcessName:hikrobot_camera_node(36856)     Description:[RecordThread]RecordThread Start, ThreadId[3120555584]
Error   2026-09-29 23:15:47:878  DevID:MV-CA016-10UC(00D36741056)  Source-Line:libMvCameraControl.so(GenICamImpl.cpp-L1181)  ProcessName:hikrobot_camera_node(36856)     Description:[XML_GetNodeAccessMode]PropertyName[PartialImageOutputMode], Ret[0x80000109]
Error   2026-09-29 23:15:47:878  DevID:MV-CA016-10UC(00D36741056)  Source-Line:libMvCameraControl.so(GenICamImpl.cpp-L1181)  ProcessName:hikrobot_camera_node(36856)     Description:[XML_GetNodeAccessMode]PropertyName[ReadoutFot], Ret[0x80000109]
Error   2026-09-29 23:15:47:878  DevID:MV-CA016-10UC(00D36741056)  Source-Line:libMvCameraControl.so(GenICamImpl.cpp-L1181)  ProcessName:hikrobot_camera_node(36856)     Description:[XML_GetNodeAccessMode]PropertyName[SeqExpEnable], Ret[0x80000109]
Error   2026-09-29 23:15:47:878  DevID:MV-CA016-10UC(00D36741056)  Source-Line:libMvCameraControl.so(GenICamImpl.cpp-L1181)  ProcessName:hikrobot_camera_node(36856)     Description:[XML_GetNodeAccessMode]PropertyName[MultiLightControl], Ret[0x80000109]
Info    2026-09-29 23:15:47:878  DevID:MV-CA016-10UC(00D36741056)  Source-Line:libMvCameraControl.so(LiquidLensController.cpp-L2106)  ProcessName:hikrobot_camera_node(36856)     Description:[SetFastQuit][CLiquidLensController]SetFastQuit: Fast quit disabled
Info    2026-09-29 23:15:47:878  DevID:MV-CA016-10UC(00D36741056)  Source-Line:libMvCameraControl.so(U3VStream.cpp-L0052)  ProcessName:hikrobot_camera_node(36856)     Description:[StartAcquisition][U3V]Start Grabbing, DeviceUptime[13]
Info    2026-09-29 23:15:47:887  DevID:MV-CA016-10UC(00D36741056)  Source-Line:libMvCameraControl.so(GenICamImpl.cpp-L2443)  ProcessName:hikrobot_camera_node(36856)     Description:[RecordThreadProc][Record] Get BlackLevel value [240]
Info    2026-09-29 23:15:47:896  DevID:MV-CA016-10UC(00D36741056)  Source-Line:libMvCameraControl.so(StreamGrab.cpp-L0875)  ProcessName:hikrobot_camera_node(36856)     Description:[StartGrabbing]StreamChannel[0], Start grabbing success, There is no registration callback.
Info    2026-09-29 23:15:47:898  DevID:MV-CA016-10UC(00D36741056)  Source-Line:libMvCameraControl.so(GenICamImpl.cpp-L2465)  ProcessName:hikrobot_camera_node(36856)     Description:[RecordThreadProc][Record] Get BalanceWhiteAuto Value [1] (0:off 1:contineu; 2:once):
Info    2026-09-29 23:15:47:900  DevID:MV-CA016-10UC(00D36741056)  Source-Line:libMvCameraControl.so(GenICamImpl.cpp-L2531)  ProcessName:hikrobot_camera_node(36856)     Description:[RecordThreadProc][Record] Get ExposureAuto value [0]
Info    2026-09-29 23:15:47:915  DevID:MV-CA016-10UC(00D36741056)  Source-Line:libMvCameraControl.so(GenICamImpl.cpp-L2553)  ProcessName:hikrobot_camera_node(36856)     Description:[RecordThreadProc][Record] Get ExposureTime value [10000.000000] 
Info    2026-09-29 23:15:47:915  DevID:MV-CA016-10UC(00D36741056)  Source-Line:libMvCameraControl.so(GenICamImpl.cpp-L2574)  ProcessName:hikrobot_camera_node(36856)     Description:[RecordThreadProc][Record] Get GainAuto value [0] (0:off 1:contineu; 2:once):
Info    2026-09-29 23:15:47:916  DevID:MV-CA016-10UC(00D36741056)  Source-Line:libMvCameraControl.so(GenICamImpl.cpp-L2595)  ProcessName:hikrobot_camera_node(36856)     Description:[RecordThreadProc][Record] Get Gain value [10.016100] 
Info    2026-09-29 23:15:47:917  DevID:MV-CA016-10UC(00D36741056)  Source-Line:libMvCameraControl.so(GenICamImpl.cpp-L2616)  ProcessName:hikrobot_camera_node(36856)     Description:[RecordThreadProc][Record] Get PixelFormat value [34603058] :
Info    2026-09-29 23:15:47:917  DevID:MV-CA016-10UC(00D36741056)  Source-Line:libMvCameraControl.so(GenICamImpl.cpp-L2637)  ProcessName:hikrobot_camera_node(36856)     Description:[RecordThreadProc][Record] Get GammaEnable value [0] 
Info    2026-09-29 23:15:47:919  DevID:MV-CA016-10UC(00D36741056)  Source-Line:libMvCameraControl.so(GenICamImpl.cpp-L2658)  ProcessName:hikrobot_camera_node(36856)     Description:[RecordThreadProc][Record] Get Gamma value [0.700000] 
Info    2026-09-29 23:15:47:920  DevID:MV-CA016-10UC(00D36741056)  Source-Line:libMvCameraControl.so(GenICamImpl.cpp-L2679)  ProcessName:hikrobot_camera_node(36856)     Description:[RecordThreadProc][Record] Get UserSetCurrent value [0]
Info    2026-09-29 23:15:47:920  DevID:MV-CA016-10UC(00D36741056)  Source-Line:libMvCameraControl.so(GenICamImpl.cpp-L2700)  ProcessName:hikrobot_camera_node(36856)     Description:[RecordThreadProc][Record] Get UserSetSelector value [0] 
Info    2026-09-29 23:15:47:920  DevID:MV-CA016-10UC(00D36741056)  Source-Line:libMvCameraControl.so(GenICamImpl.cpp-L2721)  ProcessName:hikrobot_camera_node(36856)     Description:[RecordThreadProc][Record] Get UserSetDefault value[0]
Info    2026-09-29 23:15:47:920  DevID:  Source-Line:libMvCameraControl.so(GenICamImpl.cpp-L2417)  ProcessName:hikrobot_camera_node(36856)     Description:[RecordThread]RecordThread End, ThreadId[3120555584]
Info    2026-09-29 23:15:49:006  DevID:MV-CA016-10UC(00D36741056)  Source-Line:libMvCameraControl.so(U3VDevice.cpp-L0200)  ProcessName:hikrobot_camera_node(36856)     Description:[Init][U3V Info]Speed[0x300], DeviceAddress[0], VendorName[Hikvision], ManufacturerInfo[Hikvision], DeviceVersion[V1.4.8 181031 206647], UserID[]
Info    2026-09-29 23:15:49:006  DevID:MV-CA016-10UC(00D36741056)  Source-Line:libMvCameraControl.so(MediaProcess.cpp-L0880)  ProcessName:hikrobot_camera_node(36856)     Description:[SetBayerCvtQuality]Set Bayer CvtQuality success! BayerCvtQuality[1]
Info    2026-09-29 23:15:49:006  DevID:MV-CA016-10UC(00D36741056)  Source-Line:libMvCameraControl.so(MediaProcess.cpp-L1876)  ProcessName:hikrobot_camera_node(36856)     Description:[SetBayerThreadNum]Set Bayer Thread Num success! BayerThreadNum[4]
Info    2026-09-29 23:15:49:006  DevID:MV-CA016-10UC(00D36741056)  Source-Line:libMvCameraControl.so(MediaProcess.cpp-L0880)  ProcessName:hikrobot_camera_node(36856)     Description:[SetBayerCvtQuality]Set Bayer CvtQuality success! BayerCvtQuality[1]
Info    2026-09-29 23:15:49:006  DevID:MV-CA016-10UC(00D36741056)  Source-Line:libMvCameraControl.so(MediaProcess.cpp-L1876)  ProcessName:hikrobot_camera_node(36856)     Description:[SetBayerThreadNum]Set Bayer Thread Num success! BayerThreadNum[4]
Info    2026-09-29 23:15:49:006  DevID:MV-CA016-10UC(00D36741056)  Source-Line:libMvCameraControl.so(U3VDevice.cpp-L0854)  ProcessName:hikrobot_camera_node(36856)     Description:[RecordSdkVersion]CamCtrl[0x4080201], U3V SDKVersion[0x4080002], DriverVersion[0x0]
Error   2026-09-29 23:15:49:007  DevID:MV-CA016-10UC(00D36741056)  Source-Line:libMvCameraControl.so(U3VDevice.cpp-L1043)  ProcessName:hikrobot_camera_node(36856)     Description:[OpenDevice]Open device failed! PrivilegeMode[1], SwitchoverKey[0], Ret[0x80000203]
Info    2026-09-29 23:15:50:062  DevID:MV-CA016-10UC(00D36741056)  Source-Line:libMvCameraControl.so(U3VDevice.cpp-L0200)  ProcessName:hikrobot_camera_node(36856)     Description:[Init][U3V Info]Speed[0x300], DeviceAddress[0], VendorName[Hikvision], ManufacturerInfo[Hikvision], DeviceVersion[V1.4.8 181031 206647], UserID[]
Info    2026-09-29 23:15:50:062  DevID:MV-CA016-10UC(00D36741056)  Source-Line:libMvCameraControl.so(MediaProcess.cpp-L0880)  ProcessName:hikrobot_camera_node(36856)     Description:[SetBayerCvtQuality]Set Bayer CvtQuality success! BayerCvtQuality[1]
Info    2026-09-29 23:15:50:062  DevID:MV-CA016-10UC(00D36741056)  Source-Line:libMvCameraControl.so(MediaProcess.cpp-L1876)  ProcessName:hikrobot_camera_node(36856)     Description:[SetBayerThreadNum]Set Bayer Thread Num success! BayerThreadNum[4]
Info    2026-09-29 23:15:50:062  DevID:MV-CA016-10UC(00D36741056)  Source-Line:libMvCameraControl.so(MediaProcess.cpp-L0880)  ProcessName:hikrobot_camera_node(36856)     Description:[SetBayerCvtQuality]Set Bayer CvtQuality success! BayerCvtQuality[1]
Info    2026-09-29 23:15:50:062  DevID:MV-CA016-10UC(00D36741056)  Source-Line:libMvCameraControl.so(MediaProcess.cpp-L1876)  ProcessName:hikrobot_camera_node(36856)     Description:[SetBayerThreadNum]Set Bayer Thread Num success! BayerThreadNum[4]
Info    2026-09-29 23:15:50:062  DevID:MV-CA016-10UC(00D36741056)  Source-Line:libMvCameraControl.so(U3VDevice.cpp-L0854)  ProcessName:hikrobot_camera_node(36856)     Description:[RecordSdkVersion]CamCtrl[0x4080201], U3V SDKVersion[0x4080002], DriverVersion[0x0]
Error   2026-09-29 23:15:50:064  DevID:MV-CA016-10UC(00D36741056)  Source-Line:libMvCameraControl.so(U3VDevice.cpp-L1043)  ProcessName:hikrobot_camera_node(36856)     Description:[OpenDevice]Open device failed! PrivilegeMode[1], SwitchoverKey[0], Ret[0x80000203]
Info    2026-09-29 23:15:51:118  DevID:MV-CA016-10UC(00D36741056)  Source-Line:libMvCameraControl.so(U3VDevice.cpp-L0200)  ProcessName:hikrobot_camera_node(36856)     Description:[Init][U3V Info]Speed[0x300], DeviceAddress[0], VendorName[Hikvision], ManufacturerInfo[Hikvision], DeviceVersion[V1.4.8 181031 206647], UserID[]
Info    2026-09-29 23:15:51:118  DevID:MV-CA016-10UC(00D36741056)  Source-Line:libMvCameraControl.so(MediaProcess.cpp-L0880)  ProcessName:hikrobot_camera_node(36856)     Description:[SetBayerCvtQuality]Set Bayer CvtQuality success! BayerCvtQuality[1]
Info    2026-09-29 23:15:51:118  DevID:MV-CA016-10UC(00D36741056)  Source-Line:libMvCameraControl.so(MediaProcess.cpp-L1876)  ProcessName:hikrobot_camera_node(36856)     Description:[SetBayerThreadNum]Set Bayer Thread Num success! BayerThreadNum[4]
Info    2026-09-29 23:15:51:118  DevID:MV-CA016-10UC(00D36741056)  Source-Line:libMvCameraControl.so(MediaProcess.cpp-L0880)  ProcessName:hikrobot_camera_node(36856)     Description:[SetBayerCvtQuality]Set Bayer CvtQuality success! BayerCvtQuality[1]
Info    2026-09-29 23:15:51:118  DevID:MV-CA016-10UC(00D36741056)  Source-Line:libMvCameraControl.so(MediaProcess.cpp-L1876)  ProcessName:hikrobot_camera_node(36856)     Description:[SetBayerThreadNum]Set Bayer Thread Num success! BayerThreadNum[4]
Info    2026-09-29 23:15:51:118  DevID:MV-CA016-10UC(00D36741056)  Source-Line:libMvCameraControl.so(U3VDevice.cpp-L0854)  ProcessName:hikrobot_camera_node(36856)     Description:[RecordSdkVersion]CamCtrl[0x4080201], U3V SDKVersion[0x4080002], DriverVersion[0x0]
Error   2026-09-29 23:15:51:119  DevID:MV-CA016-10UC(00D36741056)  Source-Line:libMvCameraControl.so(U3VDevice.cpp-L1043)  ProcessName:hikrobot_camera_node(36856)     Description:[OpenDevice]Open device failed! PrivilegeMode[1], SwitchoverKey[0], Ret[0x80000203]
Info    2026-09-29 23:15:52:174  DevID:MV-CA016-10UC(00D36741056)  Source-Line:libMvCameraControl.so(U3VDevice.cpp-L0200)  ProcessName:hikrobot_camera_node(36856)     Description:[Init][U3V Info]Speed[0x300], DeviceAddress[0], VendorName[Hikvision], ManufacturerInfo[Hikvision], DeviceVersion[V1.4.8 181031 206647], UserID[]
Info    2026-09-29 23:15:52:174  DevID:MV-CA016-10UC(00D36741056)  Source-Line:libMvCameraControl.so(MediaProcess.cpp-L0880)  ProcessName:hikrobot_camera_node(36856)     Description:[SetBayerCvtQuality]Set Bayer CvtQuality success! BayerCvtQuality[1]
Info    2026-09-29 23:15:52:174  DevID:MV-CA016-10UC(00D36741056)  Source-Line:libMvCameraControl.so(MediaProcess.cpp-L1876)  ProcessName:hikrobot_camera_node(36856)     Description:[SetBayerThreadNum]Set Bayer Thread Num success! BayerThreadNum[4]
Info    2026-09-29 23:15:52:174  DevID:MV-CA016-10UC(00D36741056)  Source-Line:libMvCameraControl.so(MediaProcess.cpp-L0880)  ProcessName:hikrobot_camera_node(36856)     Description:[SetBayerCvtQuality]Set Bayer CvtQuality success! BayerCvtQuality[1]
Info    2026-09-29 23:15:52:174  DevID:MV-CA016-10UC(00D36741056)  Source-Line:libMvCameraControl.so(MediaProcess.cpp-L1876)  ProcessName:hikrobot_camera_node(36856)     Description:[SetBayerThreadNum]Set Bayer Thread Num success! BayerThreadNum[4]
Info    2026-09-29 23:15:52:174  DevID:MV-CA016-10UC(00D36741056)  Source-Line:libMvCameraControl.so(U3VDevice.cpp-L0854)  ProcessName:hikrobot_camera_node(36856)     Description:[RecordSdkVersion]CamCtrl[0x4080201], U3V SDKVersion[0x4080002], DriverVersion[0x0]
Error   2026-09-29 23:15:52:175  DevID:MV-CA016-10UC(00D36741056)  Source-Line:libMvCameraControl.so(U3VDevice.cpp-L1043)  ProcessName:hikrobot_camera_node(36856)     Description:[OpenDevice]Open device failed! PrivilegeMode[1], SwitchoverKey[0], Ret[0x80000203]
Info    2026-09-29 23:15:53:230  DevID:MV-CA016-10UC(00D36741056)  Source-Line:libMvCameraControl.so(U3VDevice.cpp-L0200)  ProcessName:hikrobot_camera_node(36856)     Description:[Init][U3V Info]Speed[0x300], DeviceAddress[0], VendorName[Hikvision], ManufacturerInfo[Hikvision], DeviceVersion[V1.4.8 181031 206647], UserID[]
Info    2026-09-29 23:15:53:230  DevID:MV-CA016-10UC(00D36741056)  Source-Line:libMvCameraControl.so(MediaProcess.cpp-L0880)  ProcessName:hikrobot_camera_node(36856)     Description:[SetBayerCvtQuality]Set Bayer CvtQuality success! BayerCvtQuality[1]
Info    2026-09-29 23:15:53:230  DevID:MV-CA016-10UC(00D36741056)  Source-Line:libMvCameraControl.so(MediaProcess.cpp-L1876)  ProcessName:hikrobot_camera_node(36856)     Description:[SetBayerThreadNum]Set Bayer Thread Num success! BayerThreadNum[4]
Info    2026-09-29 23:15:53:230  DevID:MV-CA016-10UC(00D36741056)  Source-Line:libMvCameraControl.so(MediaProcess.cpp-L0880)  ProcessName:hikrobot_camera_node(36856)     Description:[SetBayerCvtQuality]Set Bayer CvtQuality success! BayerCvtQuality[1]
Info    2026-09-29 23:15:53:230  DevID:MV-CA016-10UC(00D36741056)  Source-Line:libMvCameraControl.so(MediaProcess.cpp-L1876)  ProcessName:hikrobot_camera_node(36856)     Description:[SetBayerThreadNum]Set Bayer Thread Num success! BayerThreadNum[4]
Info    2026-09-29 23:15:53:230  DevID:MV-CA016-10UC(00D36741056)  Source-Line:libMvCameraControl.so(U3VDevice.cpp-L0854)  ProcessName:hikrobot_camera_node(36856)     Description:[RecordSdkVersion]CamCtrl[0x4080201], U3V SDKVersion[0x4080002], DriverVersion[0x0]
Error   2026-09-29 23:15:53:231  DevID:MV-CA016-10UC(00D36741056)  Source-Line:libMvCameraControl.so(U3VDevice.cpp-L1043)  ProcessName:hikrobot_camera_node(36856)     Description:[OpenDevice]Open device failed! PrivilegeMode[1], SwitchoverKey[0], Ret[0x80000203]
Info    2026-09-29 23:15:54:286  DevID:MV-CA016-10UC(00D36741056)  Source-Line:libMvCameraControl.so(U3VDevice.cpp-L0200)  ProcessName:hikrobot_camera_node(36856)     Description:[Init][U3V Info]Speed[0x300], DeviceAddress[0], VendorName[Hikvision], ManufacturerInfo[Hikvision], DeviceVersion[V1.4.8 181031 206647], UserID[]
Info    2026-09-29 23:15:54:286  DevID:MV-CA016-10UC(00D36741056)  Source-Line:libMvCameraControl.so(MediaProcess.cpp-L0880)  ProcessName:hikrobot_camera_node(36856)     Description:[SetBayerCvtQuality]Set Bayer CvtQuality success! BayerCvtQuality[1]
Info    2026-09-29 23:15:54:286  DevID:MV-CA016-10UC(00D36741056)  Source-Line:libMvCameraControl.so(MediaProcess.cpp-L1876)  ProcessName:hikrobot_camera_node(36856)     Description:[SetBayerThreadNum]Set Bayer Thread Num success! BayerThreadNum[4]
Info    2026-09-29 23:15:54:286  DevID:MV-CA016-10UC(00D36741056)  Source-Line:libMvCameraControl.so(MediaProcess.cpp-L0880)  ProcessName:hikrobot_camera_node(36856)     Description:[SetBayerCvtQuality]Set Bayer CvtQuality success! BayerCvtQuality[1]
Info    2026-09-29 23:15:54:286  DevID:MV-CA016-10UC(00D36741056)  Source-Line:libMvCameraControl.so(MediaProcess.cpp-L1876)  ProcessName:hikrobot_camera_node(36856)     Description:[SetBayerThreadNum]Set Bayer Thread Num success! BayerThreadNum[4]
Info    2026-09-29 23:15:54:286  DevID:MV-CA016-10UC(00D36741056)  Source-Line:libMvCameraControl.so(U3VDevice.cpp-L0854)  ProcessName:hikrobot_camera_node(36856)     Description:[RecordSdkVersion]CamCtrl[0x4080201], U3V SDKVersion[0x4080002], DriverVersion[0x0]
Error   2026-09-29 23:15:54:287  DevID:MV-CA016-10UC(00D36741056)  Source-Line:libMvCameraControl.so(U3VDevice.cpp-L1043)  ProcessName:hikrobot_camera_node(36856)     Description:[OpenDevice]Open device failed! PrivilegeMode[1], SwitchoverKey[0], Ret[0x80000203]
Info    2026-09-29 23:15:55:342  DevID:MV-CA016-10UC(00D36741056)  Source-Line:libMvCameraControl.so(U3VDevice.cpp-L0200)  ProcessName:hikrobot_camera_node(36856)     Description:[Init][U3V Info]Speed[0x300], DeviceAddress[0], VendorName[Hikvision], ManufacturerInfo[Hikvision], DeviceVersion[V1.4.8 181031 206647], UserID[]
Info    2026-09-29 23:15:55:342  DevID:MV-CA016-10UC(00D36741056)  Source-Line:libMvCameraControl.so(MediaProcess.cpp-L0880)  ProcessName:hikrobot_camera_node(36856)     Description:[SetBayerCvtQuality]Set Bayer CvtQuality success! BayerCvtQuality[1]
Info    2026-09-29 23:15:55:342  DevID:MV-CA016-10UC(00D36741056)  Source-Line:libMvCameraControl.so(MediaProcess.cpp-L1876)  ProcessName:hikrobot_camera_node(36856)     Description:[SetBayerThreadNum]Set Bayer Thread Num success! BayerThreadNum[4]
Info    2026-09-29 23:15:55:342  DevID:MV-CA016-10UC(00D36741056)  Source-Line:libMvCameraControl.so(MediaProcess.cpp-L0880)  ProcessName:hikrobot_camera_node(36856)     Description:[SetBayerCvtQuality]Set Bayer CvtQuality success! BayerCvtQuality[1]
Info    2026-09-29 23:15:55:342  DevID:MV-CA016-10UC(00D36741056)  Source-Line:libMvCameraControl.so(MediaProcess.cpp-L1876)  ProcessName:hikrobot_camera_node(36856)     Description:[SetBayerThreadNum]Set Bayer Thread Num success! BayerThreadNum[4]
Info    2026-09-29 23:15:55:342  DevID:MV-CA016-10UC(00D36741056)  Source-Line:libMvCameraControl.so(U3VDevice.cpp-L0854)  ProcessName:hikrobot_camera_node(36856)     Description:[RecordSdkVersion]CamCtrl[0x4080201], U3V SDKVersion[0x4080002], DriverVersion[0x0]
Error   2026-09-29 23:15:55:342  DevID:MV-CA016-10UC(00D36741056)  Source-Line:libMvCameraControl.so(U3VDevice.cpp-L1043)  ProcessName:hikrobot_camera_node(36856)     Description:[OpenDevice]Open device failed! PrivilegeMode[1], SwitchoverKey[0], Ret[0x80000203]
Info    2026-09-29 23:15:56:398  DevID:MV-CA016-10UC(00D36741056)  Source-Line:libMvCameraControl.so(U3VDevice.cpp-L0200)  ProcessName:hikrobot_camera_node(36856)     Description:[Init][U3V Info]Speed[0x300], DeviceAddress[0], VendorName[Hikvision], ManufacturerInfo[Hikvision], DeviceVersion[V1.4.8 181031 206647], UserID[]
Info    2026-09-29 23:15:56:398  DevID:MV-CA016-10UC(00D36741056)  Source-Line:libMvCameraControl.so(MediaProcess.cpp-L0880)  ProcessName:hikrobot_camera_node(36856)     Description:[SetBayerCvtQuality]Set Bayer CvtQuality success! BayerCvtQuality[1]
Info    2026-09-29 23:15:56:398  DevID:MV-CA016-10UC(00D36741056)  Source-Line:libMvCameraControl.so(MediaProcess.cpp-L1876)  ProcessName:hikrobot_camera_node(36856)     Description:[SetBayerThreadNum]Set Bayer Thread Num success! BayerThreadNum[4]
Info    2026-09-29 23:15:56:398  DevID:MV-CA016-10UC(00D36741056)  Source-Line:libMvCameraControl.so(MediaProcess.cpp-L0880)  ProcessName:hikrobot_camera_node(36856)     Description:[SetBayerCvtQuality]Set Bayer CvtQuality success! BayerCvtQuality[1]
Info    2026-09-29 23:15:56:398  DevID:MV-CA016-10UC(00D36741056)  Source-Line:libMvCameraControl.so(MediaProcess.cpp-L1876)  ProcessName:hikrobot_camera_node(36856)     Description:[SetBayerThreadNum]Set Bayer Thread Num success! BayerThreadNum[4]
Info    2026-09-29 23:15:56:398  DevID:MV-CA016-10UC(00D36741056)  Source-Line:libMvCameraControl.so(U3VDevice.cpp-L0854)  ProcessName:hikrobot_camera_node(36856)     Description:[RecordSdkVersion]CamCtrl[0x4080201], U3V SDKVersion[0x4080002], DriverVersion[0x0]
Error   2026-09-29 23:15:56:400  DevID:MV-CA016-10UC(00D36741056)  Source-Line:libMvCameraControl.so(U3VDevice.cpp-L1043)  ProcessName:hikrobot_camera_node(36856)     Description:[OpenDevice]Open device failed! PrivilegeMode[1], SwitchoverKey[0], Ret[0x80000203]
Info    2026-09-29 23:15:57:454  DevID:MV-CA016-10UC(00D36741056)  Source-Line:libMvCameraControl.so(U3VDevice.cpp-L0200)  ProcessName:hikrobot_camera_node(36856)     Description:[Init][U3V Info]Speed[0x300], DeviceAddress[0], VendorName[Hikvision], ManufacturerInfo[Hikvision], DeviceVersion[V1.4.8 181031 206647], UserID[]
Info    2026-09-29 23:15:57:454  DevID:MV-CA016-10UC(00D36741056)  Source-Line:libMvCameraControl.so(MediaProcess.cpp-L0880)  ProcessName:hikrobot_camera_node(36856)     Description:[SetBayerCvtQuality]Set Bayer CvtQuality success! BayerCvtQuality[1]
Info    2026-09-29 23:15:57:454  DevID:MV-CA016-10UC(00D36741056)  Source-Line:libMvCameraControl.so(MediaProcess.cpp-L1876)  ProcessName:hikrobot_camera_node(36856)     Description:[SetBayerThreadNum]Set Bayer Thread Num success! BayerThreadNum[4]
Info    2026-09-29 23:15:57:454  DevID:MV-CA016-10UC(00D36741056)  Source-Line:libMvCameraControl.so(MediaProcess.cpp-L0880)  ProcessName:hikrobot_camera_node(36856)     Description:[SetBayerCvtQuality]Set Bayer CvtQuality success! BayerCvtQuality[1]
Info    2026-09-29 23:15:57:454  DevID:MV-CA016-10UC(00D36741056)  Source-Line:libMvCameraControl.so(MediaProcess.cpp-L1876)  ProcessName:hikrobot_camera_node(36856)     Description:[SetBayerThreadNum]Set Bayer Thread Num success! BayerThreadNum[4]
Info    2026-09-29 23:15:57:454  DevID:MV-CA016-10UC(00D36741056)  Source-Line:libMvCameraControl.so(U3VDevice.cpp-L0854)  ProcessName:hikrobot_camera_node(36856)     Description:[RecordSdkVersion]CamCtrl[0x4080201], U3V SDKVersion[0x4080002], DriverVersion[0x0]
Error   2026-09-29 23:15:57:455  DevID:MV-CA016-10UC(00D36741056)  Source-Line:libMvCameraControl.so(U3VDevice.cpp-L1043)  ProcessName:hikrobot_camera_node(36856)     Description:[OpenDevice]Open device failed! PrivilegeMode[1], SwitchoverKey[0], Ret[0x80000203]
Info    2026-09-29 23:15:58:510  DevID:MV-CA016-10UC(00D36741056)  Source-Line:libMvCameraControl.so(U3VDevice.cpp-L0200)  ProcessName:hikrobot_camera_node(36856)     Description:[Init][U3V Info]Speed[0x300], DeviceAddress[0], VendorName[Hikvision], ManufacturerInfo[Hikvision], DeviceVersion[V1.4.8 181031 206647], UserID[]
Info    2026-09-29 23:15:58:510  DevID:MV-CA016-10UC(00D36741056)  Source-Line:libMvCameraControl.so(MediaProcess.cpp-L0880)  ProcessName:hikrobot_camera_node(36856)     Description:[SetBayerCvtQuality]Set Bayer CvtQuality success! BayerCvtQuality[1]
Info    2026-09-29 23:15:58:510  DevID:MV-CA016-10UC(00D36741056)  Source-Line:libMvCameraControl.so(MediaProcess.cpp-L1876)  ProcessName:hikrobot_camera_node(36856)     Description:[SetBayerThreadNum]Set Bayer Thread Num success! BayerThreadNum[4]
Info    2026-09-29 23:15:58:510  DevID:MV-CA016-10UC(00D36741056)  Source-Line:libMvCameraControl.so(MediaProcess.cpp-L0880)  ProcessName:hikrobot_camera_node(36856)     Description:[SetBayerCvtQuality]Set Bayer CvtQuality success! BayerCvtQuality[1]
Info    2026-09-29 23:15:58:510  DevID:MV-CA016-10UC(00D36741056)  Source-Line:libMvCameraControl.so(MediaProcess.cpp-L1876)  ProcessName:hikrobot_camera_node(36856)     Description:[SetBayerThreadNum]Set Bayer Thread Num success! BayerThreadNum[4]
Info    2026-09-29 23:15:58:510  DevID:MV-CA016-10UC(00D36741056)  Source-Line:libMvCameraControl.so(U3VDevice.cpp-L0854)  ProcessName:hikrobot_camera_node(36856)     Description:[RecordSdkVersion]CamCtrl[0x4080201], U3V SDKVersion[0x4080002], DriverVersion[0x0]
Error   2026-09-29 23:15:58:510  DevID:MV-CA016-10UC(00D36741056)  Source-Line:libMvCameraControl.so(U3VDevice.cpp-L1043)  ProcessName:hikrobot_camera_node(36856)     Description:[OpenDevice]Open device failed! PrivilegeMode[1], SwitchoverKey[0], Ret[0x80000203]
Info    2026-09-29 23:15:59:566  DevID:MV-CA016-10UC(00D36741056)  Source-Line:libMvCameraControl.so(U3VDevice.cpp-L0200)  ProcessName:hikrobot_camera_node(36856)     Description:[Init][U3V Info]Speed[0x300], DeviceAddress[0], VendorName[Hikvision], ManufacturerInfo[Hikvision], DeviceVersion[V1.4.8 181031 206647], UserID[]
Info    2026-09-29 23:15:59:566  DevID:MV-CA016-10UC(00D36741056)  Source-Line:libMvCameraControl.so(MediaProcess.cpp-L0880)  ProcessName:hikrobot_camera_node(36856)     Description:[SetBayerCvtQuality]Set Bayer CvtQuality success! BayerCvtQuality[1]
Info    2026-09-29 23:15:59:566  DevID:MV-CA016-10UC(00D36741056)  Source-Line:libMvCameraControl.so(MediaProcess.cpp-L1876)  ProcessName:hikrobot_camera_node(36856)     Description:[SetBayerThreadNum]Set Bayer Thread Num success! BayerThreadNum[4]
Info    2026-09-29 23:15:59:566  DevID:MV-CA016-10UC(00D36741056)  Source-Line:libMvCameraControl.so(MediaProcess.cpp-L0880)  ProcessName:hikrobot_camera_node(36856)     Description:[SetBayerCvtQuality]Set Bayer CvtQuality success! BayerCvtQuality[1]
Info    2026-09-29 23:15:59:566  DevID:MV-CA016-10UC(00D36741056)  Source-Line:libMvCameraControl.so(MediaProcess.cpp-L1876)  ProcessName:hikrobot_camera_node(36856)     Description:[SetBayerThreadNum]Set Bayer Thread Num success! BayerThreadNum[4]
Info    2026-09-29 23:15:59:566  DevID:MV-CA016-10UC(00D36741056)  Source-Line:libMvCameraControl.so(U3VDevice.cpp-L0854)  ProcessName:hikrobot_camera_node(36856)     Description:[RecordSdkVersion]CamCtrl[0x4080201], U3V SDKVersion[0x4080002], DriverVersion[0x0]
Error   2026-09-29 23:15:59:568  DevID:MV-CA016-10UC(00D36741056)  Source-Line:libMvCameraControl.so(U3VDevice.cpp-L1043)  ProcessName:hikrobot_camera_node(36856)     Description:[OpenDevice]Open device failed! PrivilegeMode[1], SwitchoverKey[0], Ret[0x80000203]
Info    2026-09-29 23:16:00:622  DevID:MV-CA016-10UC(00D36741056)  Source-Line:libMvCameraControl.so(U3VDevice.cpp-L0200)  ProcessName:hikrobot_camera_node(36856)     Description:[Init][U3V Info]Speed[0x300], DeviceAddress[0], VendorName[Hikvision], ManufacturerInfo[Hikvision], DeviceVersion[V1.4.8 181031 206647], UserID[]
Info    2026-09-29 23:16:00:622  DevID:MV-CA016-10UC(00D36741056)  Source-Line:libMvCameraControl.so(MediaProcess.cpp-L0880)  ProcessName:hikrobot_camera_node(36856)     Description:[SetBayerCvtQuality]Set Bayer CvtQuality success! BayerCvtQuality[1]
Info    2026-09-29 23:16:00:622  DevID:MV-CA016-10UC(00D36741056)  Source-Line:libMvCameraControl.so(MediaProcess.cpp-L1876)  ProcessName:hikrobot_camera_node(36856)     Description:[SetBayerThreadNum]Set Bayer Thread Num success! BayerThreadNum[4]
Info    2026-09-29 23:16:00:622  DevID:MV-CA016-10UC(00D36741056)  Source-Line:libMvCameraControl.so(MediaProcess.cpp-L0880)  ProcessName:hikrobot_camera_node(36856)     Description:[SetBayerCvtQuality]Set Bayer CvtQuality success! BayerCvtQuality[1]
Info    2026-09-29 23:16:00:622  DevID:MV-CA016-10UC(00D36741056)  Source-Line:libMvCameraControl.so(MediaProcess.cpp-L1876)  ProcessName:hikrobot_camera_node(36856)     Description:[SetBayerThreadNum]Set Bayer Thread Num success! BayerThreadNum[4]
Info    2026-09-29 23:16:00:622  DevID:MV-CA016-10UC(00D36741056)  Source-Line:libMvCameraControl.so(U3VDevice.cpp-L0854)  ProcessName:hikrobot_camera_node(36856)     Description:[RecordSdkVersion]CamCtrl[0x4080201], U3V SDKVersion[0x4080002], DriverVersion[0x0]
Error   2026-09-29 23:16:00:623  DevID:MV-CA016-10UC(00D36741056)  Source-Line:libMvCameraControl.so(U3VDevice.cpp-L1043)  ProcessName:hikrobot_camera_node(36856)     Description:[OpenDevice]Open device failed! PrivilegeMode[1], SwitchoverKey[0], Ret[0x80000203]
Info    2026-09-29 23:16:01:678  DevID:MV-CA016-10UC(00D36741056)  Source-Line:libMvCameraControl.so(U3VDevice.cpp-L0200)  ProcessName:hikrobot_camera_node(36856)     Description:[Init][U3V Info]Speed[0x300], DeviceAddress[0], VendorName[Hikvision], ManufacturerInfo[Hikvision], DeviceVersion[V1.4.8 181031 206647], UserID[]
Info    2026-09-29 23:16:01:678  DevID:MV-CA016-10UC(00D36741056)  Source-Line:libMvCameraControl.so(MediaProcess.cpp-L0880)  ProcessName:hikrobot_camera_node(36856)     Description:[SetBayerCvtQuality]Set Bayer CvtQuality success! BayerCvtQuality[1]
Info    2026-09-29 23:16:01:678  DevID:MV-CA016-10UC(00D36741056)  Source-Line:libMvCameraControl.so(MediaProcess.cpp-L1876)  ProcessName:hikrobot_camera_node(36856)     Description:[SetBayerThreadNum]Set Bayer Thread Num success! BayerThreadNum[4]
Info    2026-09-29 23:16:01:678  DevID:MV-CA016-10UC(00D36741056)  Source-Line:libMvCameraControl.so(MediaProcess.cpp-L0880)  ProcessName:hikrobot_camera_node(36856)     Description:[SetBayerCvtQuality]Set Bayer CvtQuality success! BayerCvtQuality[1]
Info    2026-09-29 23:16:01:678  DevID:MV-CA016-10UC(00D36741056)  Source-Line:libMvCameraControl.so(MediaProcess.cpp-L1876)  ProcessName:hikrobot_camera_node(36856)     Description:[SetBayerThreadNum]Set Bayer Thread Num success! BayerThreadNum[4]
Info    2026-09-29 23:16:01:678  DevID:MV-CA016-10UC(00D36741056)  Source-Line:libMvCameraControl.so(U3VDevice.cpp-L0854)  ProcessName:hikrobot_camera_node(36856)     Description:[RecordSdkVersion]CamCtrl[0x4080201], U3V SDKVersion[0x4080002], DriverVersion[0x0]
Error   2026-09-29 23:16:01:679  DevID:MV-CA016-10UC(00D36741056)  Source-Line:libMvCameraControl.so(U3VDevice.cpp-L1043)  ProcessName:hikrobot_camera_node(36856)     Description:[OpenDevice]Open device failed! PrivilegeMode[1], SwitchoverKey[0], Ret[0x80000203]
Info    2026-09-29 23:16:02:734  DevID:MV-CA016-10UC(00D36741056)  Source-Line:libMvCameraControl.so(U3VDevice.cpp-L0200)  ProcessName:hikrobot_camera_node(36856)     Description:[Init][U3V Info]Speed[0x300], DeviceAddress[0], VendorName[Hikvision], ManufacturerInfo[Hikvision], DeviceVersion[V1.4.8 181031 206647], UserID[]
Info    2026-09-29 23:16:02:734  DevID:MV-CA016-10UC(00D36741056)  Source-Line:libMvCameraControl.so(MediaProcess.cpp-L0880)  ProcessName:hikrobot_camera_node(36856)     Description:[SetBayerCvtQuality]Set Bayer CvtQuality success! BayerCvtQuality[1]
Info    2026-09-29 23:16:02:734  DevID:MV-CA016-10UC(00D36741056)  Source-Line:libMvCameraControl.so(MediaProcess.cpp-L1876)  ProcessName:hikrobot_camera_node(36856)     Description:[SetBayerThreadNum]Set Bayer Thread Num success! BayerThreadNum[4]
Info    2026-09-29 23:16:02:734  DevID:MV-CA016-10UC(00D36741056)  Source-Line:libMvCameraControl.so(MediaProcess.cpp-L0880)  ProcessName:hikrobot_camera_node(36856)     Description:[SetBayerCvtQuality]Set Bayer CvtQuality success! BayerCvtQuality[1]
Info    2026-09-29 23:16:02:734  DevID:MV-CA016-10UC(00D36741056)  Source-Line:libMvCameraControl.so(MediaProcess.cpp-L1876)  ProcessName:hikrobot_camera_node(36856)     Description:[SetBayerThreadNum]Set Bayer Thread Num success! BayerThreadNum[4]
Info    2026-09-29 23:16:02:734  DevID:MV-CA016-10UC(00D36741056)  Source-Line:libMvCameraControl.so(U3VDevice.cpp-L0854)  ProcessName:hikrobot_camera_node(36856)     Description:[RecordSdkVersion]CamCtrl[0x4080201], U3V SDKVersion[0x4080002], DriverVersion[0x0]
Error   2026-09-29 23:16:02:735  DevID:MV-CA016-10UC(00D36741056)  Source-Line:libMvCameraControl.so(U3VDevice.cpp-L1043)  ProcessName:hikrobot_camera_node(36856)     Description:[OpenDevice]Open device failed! PrivilegeMode[1], SwitchoverKey[0], Ret[0x80000203]
Info    2026-09-29 23:16:03:790  DevID:MV-CA016-10UC(00D36741056)  Source-Line:libMvCameraControl.so(U3VDevice.cpp-L0200)  ProcessName:hikrobot_camera_node(36856)     Description:[Init][U3V Info]Speed[0x300], DeviceAddress[0], VendorName[Hikvision], ManufacturerInfo[Hikvision], DeviceVersion[V1.4.8 181031 206647], UserID[]
Info    2026-09-29 23:16:03:790  DevID:MV-CA016-10UC(00D36741056)  Source-Line:libMvCameraControl.so(MediaProcess.cpp-L0880)  ProcessName:hikrobot_camera_node(36856)     Description:[SetBayerCvtQuality]Set Bayer CvtQuality success! BayerCvtQuality[1]
Info    2026-09-29 23:16:03:790  DevID:MV-CA016-10UC(00D36741056)  Source-Line:libMvCameraControl.so(MediaProcess.cpp-L1876)  ProcessName:hikrobot_camera_node(36856)     Description:[SetBayerThreadNum]Set Bayer Thread Num success! BayerThreadNum[4]
Info    2026-09-29 23:16:03:790  DevID:MV-CA016-10UC(00D36741056)  Source-Line:libMvCameraControl.so(MediaProcess.cpp-L0880)  ProcessName:hikrobot_camera_node(36856)     Description:[SetBayerCvtQuality]Set Bayer CvtQuality success! BayerCvtQuality[1]
Info    2026-09-29 23:16:03:790  DevID:MV-CA016-10UC(00D36741056)  Source-Line:libMvCameraControl.so(MediaProcess.cpp-L1876)  ProcessName:hikrobot_camera_node(36856)     Description:[SetBayerThreadNum]Set Bayer Thread Num success! BayerThreadNum[4]
Info    2026-09-29 23:16:03:790  DevID:MV-CA016-10UC(00D36741056)  Source-Line:libMvCameraControl.so(U3VDevice.cpp-L0854)  ProcessName:hikrobot_camera_node(36856)     Description:[RecordSdkVersion]CamCtrl[0x4080201], U3V SDKVersion[0x4080002], DriverVersion[0x0]
Error   2026-09-29 23:16:03:791  DevID:MV-CA016-10UC(00D36741056)  Source-Line:libMvCameraControl.so(U3VDevice.cpp-L1043)  ProcessName:hikrobot_camera_node(36856)     Description:[OpenDevice]Open device failed! PrivilegeMode[1], SwitchoverKey[0], Ret[0x80000203]
Info    2026-09-29 23:16:04:846  DevID:MV-CA016-10UC(00D36741056)  Source-Line:libMvCameraControl.so(U3VDevice.cpp-L0200)  ProcessName:hikrobot_camera_node(36856)     Description:[Init][U3V Info]Speed[0x300], DeviceAddress[0], VendorName[Hikvision], ManufacturerInfo[Hikvision], DeviceVersion[V1.4.8 181031 206647], UserID[]
Info    2026-09-29 23:16:04:846  DevID:MV-CA016-10UC(00D36741056)  Source-Line:libMvCameraControl.so(MediaProcess.cpp-L0880)  ProcessName:hikrobot_camera_node(36856)     Description:[SetBayerCvtQuality]Set Bayer CvtQuality success! BayerCvtQuality[1]
Info    2026-09-29 23:16:04:846  DevID:MV-CA016-10UC(00D36741056)  Source-Line:libMvCameraControl.so(MediaProcess.cpp-L1876)  ProcessName:hikrobot_camera_node(36856)     Description:[SetBayerThreadNum]Set Bayer Thread Num success! BayerThreadNum[4]
Info    2026-09-29 23:16:04:846  DevID:MV-CA016-10UC(00D36741056)  Source-Line:libMvCameraControl.so(MediaProcess.cpp-L0880)  ProcessName:hikrobot_camera_node(36856)     Description:[SetBayerCvtQuality]Set Bayer CvtQuality success! BayerCvtQuality[1]
Info    2026-09-29 23:16:04:846  DevID:MV-CA016-10UC(00D36741056)  Source-Line:libMvCameraControl.so(MediaProcess.cpp-L1876)  ProcessName:hikrobot_camera_node(36856)     Description:[SetBayerThreadNum]Set Bayer Thread Num success! BayerThreadNum[4]
Info    2026-09-29 23:16:04:846  DevID:MV-CA016-10UC(00D36741056)  Source-Line:libMvCameraControl.so(U3VDevice.cpp-L0854)  ProcessName:hikrobot_camera_node(36856)     Description:[RecordSdkVersion]CamCtrl[0x4080201], U3V SDKVersion[0x4080002], DriverVersion[0x0]
Error   2026-09-29 23:16:04:847  DevID:MV-CA016-10UC(00D36741056)  Source-Line:libMvCameraControl.so(U3VDevice.cpp-L1043)  ProcessName:hikrobot_camera_node(36856)     Description:[OpenDevice]Open device failed! PrivilegeMode[1], SwitchoverKey[0], Ret[0x80000203]
Info    2026-09-29 23:16:05:903  DevID:MV-CA016-10UC(00D36741056)  Source-Line:libMvCameraControl.so(U3VDevice.cpp-L0200)  ProcessName:hikrobot_camera_node(36856)     Description:[Init][U3V Info]Speed[0x300], DeviceAddress[0], VendorName[Hikvision], ManufacturerInfo[Hikvision], DeviceVersion[V1.4.8 181031 206647], UserID[]
Info    2026-09-29 23:16:05:903  DevID:MV-CA016-10UC(00D36741056)  Source-Line:libMvCameraControl.so(MediaProcess.cpp-L0880)  ProcessName:hikrobot_camera_node(36856)     Description:[SetBayerCvtQuality]Set Bayer CvtQuality success! BayerCvtQuality[1]
Info    2026-09-29 23:16:05:903  DevID:MV-CA016-10UC(00D36741056)  Source-Line:libMvCameraControl.so(MediaProcess.cpp-L1876)  ProcessName:hikrobot_camera_node(36856)     Description:[SetBayerThreadNum]Set Bayer Thread Num success! BayerThreadNum[4]
Info    2026-09-29 23:16:05:903  DevID:MV-CA016-10UC(00D36741056)  Source-Line:libMvCameraControl.so(MediaProcess.cpp-L0880)  ProcessName:hikrobot_camera_node(36856)     Description:[SetBayerCvtQuality]Set Bayer CvtQuality success! BayerCvtQuality[1]
Info    2026-09-29 23:16:05:903  DevID:MV-CA016-10UC(00D36741056)  Source-Line:libMvCameraControl.so(MediaProcess.cpp-L1876)  ProcessName:hikrobot_camera_node(36856)     Description:[SetBayerThreadNum]Set Bayer Thread Num success! BayerThreadNum[4]
Info    2026-09-29 23:16:05:903  DevID:MV-CA016-10UC(00D36741056)  Source-Line:libMvCameraControl.so(U3VDevice.cpp-L0854)  ProcessName:hikrobot_camera_node(36856)     Description:[RecordSdkVersion]CamCtrl[0x4080201], U3V SDKVersion[0x4080002], DriverVersion[0x0]
Error   2026-09-29 23:16:05:903  DevID:MV-CA016-10UC(00D36741056)  Source-Line:libMvCameraControl.so(U3VDevice.cpp-L1043)  ProcessName:hikrobot_camera_node(36856)     Description:[OpenDevice]Open device failed! PrivilegeMode[1], SwitchoverKey[0], Ret[0x80000203]
Info    2026-09-29 23:16:06:958  DevID:MV-CA016-10UC(00D36741056)  Source-Line:libMvCameraControl.so(U3VDevice.cpp-L0200)  ProcessName:hikrobot_camera_node(36856)     Description:[Init][U3V Info]Speed[0x300], DeviceAddress[0], VendorName[Hikvision], ManufacturerInfo[Hikvision], DeviceVersion[V1.4.8 181031 206647], UserID[]
Info    2026-09-29 23:16:06:959  DevID:MV-CA016-10UC(00D36741056)  Source-Line:libMvCameraControl.so(MediaProcess.cpp-L0880)  ProcessName:hikrobot_camera_node(36856)     Description:[SetBayerCvtQuality]Set Bayer CvtQuality success! BayerCvtQuality[1]
Info    2026-09-29 23:16:06:959  DevID:MV-CA016-10UC(00D36741056)  Source-Line:libMvCameraControl.so(MediaProcess.cpp-L1876)  ProcessName:hikrobot_camera_node(36856)     Description:[SetBayerThreadNum]Set Bayer Thread Num success! BayerThreadNum[4]
Info    2026-09-29 23:16:06:959  DevID:MV-CA016-10UC(00D36741056)  Source-Line:libMvCameraControl.so(MediaProcess.cpp-L0880)  ProcessName:hikrobot_camera_node(36856)     Description:[SetBayerCvtQuality]Set Bayer CvtQuality success! BayerCvtQuality[1]
Info    2026-09-29 23:16:06:959  DevID:MV-CA016-10UC(00D36741056)  Source-Line:libMvCameraControl.so(MediaProcess.cpp-L1876)  ProcessName:hikrobot_camera_node(36856)     Description:[SetBayerThreadNum]Set Bayer Thread Num success! BayerThreadNum[4]
Info    2026-09-29 23:16:06:959  DevID:MV-CA016-10UC(00D36741056)  Source-Line:libMvCameraControl.so(U3VDevice.cpp-L0854)  ProcessName:hikrobot_camera_node(36856)     Description:[RecordSdkVersion]CamCtrl[0x4080201], U3V SDKVersion[0x4080002], DriverVersion[0x0]
Error   2026-09-29 23:16:06:960  DevID:MV-CA016-10UC(00D36741056)  Source-Line:libMvCameraControl.so(U3VDevice.cpp-L1043)  ProcessName:hikrobot_camera_node(36856)     Description:[OpenDevice]Open device failed! PrivilegeMode[1], SwitchoverKey[0], Ret[0x80000203]
Info    2026-09-29 23:16:08:014  DevID:MV-CA016-10UC(00D36741056)  Source-Line:libMvCameraControl.so(U3VDevice.cpp-L0200)  ProcessName:hikrobot_camera_node(36856)     Description:[Init][U3V Info]Speed[0x300], DeviceAddress[0], VendorName[Hikvision], ManufacturerInfo[Hikvision], DeviceVersion[V1.4.8 181031 206647], UserID[]
Info    2026-09-29 23:16:08:015  DevID:MV-CA016-10UC(00D36741056)  Source-Line:libMvCameraControl.so(MediaProcess.cpp-L0880)  ProcessName:hikrobot_camera_node(36856)     Description:[SetBayerCvtQuality]Set Bayer CvtQuality success! BayerCvtQuality[1]
Info    2026-09-29 23:16:08:015  DevID:MV-CA016-10UC(00D36741056)  Source-Line:libMvCameraControl.so(MediaProcess.cpp-L1876)  ProcessName:hikrobot_camera_node(36856)     Description:[SetBayerThreadNum]Set Bayer Thread Num success! BayerThreadNum[4]
Info    2026-09-29 23:16:08:015  DevID:MV-CA016-10UC(00D36741056)  Source-Line:libMvCameraControl.so(MediaProcess.cpp-L0880)  ProcessName:hikrobot_camera_node(36856)     Description:[SetBayerCvtQuality]Set Bayer CvtQuality success! BayerCvtQuality[1]
Info    2026-09-29 23:16:08:015  DevID:MV-CA016-10UC(00D36741056)  Source-Line:libMvCameraControl.so(MediaProcess.cpp-L1876)  ProcessName:hikrobot_camera_node(36856)     Description:[SetBayerThreadNum]Set Bayer Thread Num success! BayerThreadNum[4]
Info    2026-09-29 23:16:08:015  DevID:MV-CA016-10UC(00D36741056)  Source-Line:libMvCameraControl.so(U3VDevice.cpp-L0854)  ProcessName:hikrobot_camera_node(36856)     Description:[RecordSdkVersion]CamCtrl[0x4080201], U3V SDKVersion[0x4080002], DriverVersion[0x0]
Error   2026-09-29 23:16:08:016  DevID:MV-CA016-10UC(00D36741056)  Source-Line:libMvCameraControl.so(U3VDevice.cpp-L1043)  ProcessName:hikrobot_camera_node(36856)     Description:[OpenDevice]Open device failed! PrivilegeMode[1], SwitchoverKey[0], Ret[0x80000203]
Info    2026-09-29 23:16:09:070  DevID:MV-CA016-10UC(00D36741056)  Source-Line:libMvCameraControl.so(U3VDevice.cpp-L0200)  ProcessName:hikrobot_camera_node(36856)     Description:[Init][U3V Info]Speed[0x300], DeviceAddress[0], VendorName[Hikvision], ManufacturerInfo[Hikvision], DeviceVersion[V1.4.8 181031 206647], UserID[]
Info    2026-09-29 23:16:09:070  DevID:MV-CA016-10UC(00D36741056)  Source-Line:libMvCameraControl.so(MediaProcess.cpp-L0880)  ProcessName:hikrobot_camera_node(36856)     Description:[SetBayerCvtQuality]Set Bayer CvtQuality success! BayerCvtQuality[1]
Info    2026-09-29 23:16:09:070  DevID:MV-CA016-10UC(00D36741056)  Source-Line:libMvCameraControl.so(MediaProcess.cpp-L1876)  ProcessName:hikrobot_camera_node(36856)     Description:[SetBayerThreadNum]Set Bayer Thread Num success! BayerThreadNum[4]
Info    2026-09-29 23:16:09:070  DevID:MV-CA016-10UC(00D36741056)  Source-Line:libMvCameraControl.so(MediaProcess.cpp-L0880)  ProcessName:hikrobot_camera_node(36856)     Description:[SetBayerCvtQuality]Set Bayer CvtQuality success! BayerCvtQuality[1]
Info    2026-09-29 23:16:09:070  DevID:MV-CA016-10UC(00D36741056)  Source-Line:libMvCameraControl.so(MediaProcess.cpp-L1876)  ProcessName:hikrobot_camera_node(36856)     Description:[SetBayerThreadNum]Set Bayer Thread Num success! BayerThreadNum[4]
Info    2026-09-29 23:16:09:070  DevID:MV-CA016-10UC(00D36741056)  Source-Line:libMvCameraControl.so(U3VDevice.cpp-L0854)  ProcessName:hikrobot_camera_node(36856)     Description:[RecordSdkVersion]CamCtrl[0x4080201], U3V SDKVersion[0x4080002], DriverVersion[0x0]
Error   2026-09-29 23:16:09:070  DevID:MV-CA016-10UC(00D36741056)  Source-Line:libMvCameraControl.so(U3VDevice.cpp-L1043)  ProcessName:hikrobot_camera_node(36856)     Description:[OpenDevice]Open device failed! PrivilegeMode[1], SwitchoverKey[0], Ret[0x80000203]
Info    2026-09-29 23:16:10:126  DevID:MV-CA016-10UC(00D36741056)  Source-Line:libMvCameraControl.so(U3VDevice.cpp-L0200)  ProcessName:hikrobot_camera_node(36856)     Description:[Init][U3V Info]Speed[0x300], DeviceAddress[0], VendorName[Hikvision], ManufacturerInfo[Hikvision], DeviceVersion[V1.4.8 181031 206647], UserID[]
Info    2026-09-29 23:16:10:126  DevID:MV-CA016-10UC(00D36741056)  Source-Line:libMvCameraControl.so(MediaProcess.cpp-L0880)  ProcessName:hikrobot_camera_node(36856)     Description:[SetBayerCvtQuality]Set Bayer CvtQuality success! BayerCvtQuality[1]
Info    2026-09-29 23:16:10:126  DevID:MV-CA016-10UC(00D36741056)  Source-Line:libMvCameraControl.so(MediaProcess.cpp-L1876)  ProcessName:hikrobot_camera_node(36856)     Description:[SetBayerThreadNum]Set Bayer Thread Num success! BayerThreadNum[4]
Info    2026-09-29 23:16:10:126  DevID:MV-CA016-10UC(00D36741056)  Source-Line:libMvCameraControl.so(MediaProcess.cpp-L0880)  ProcessName:hikrobot_camera_node(36856)     Description:[SetBayerCvtQuality]Set Bayer CvtQuality success! BayerCvtQuality[1]
Info    2026-09-29 23:16:10:126  DevID:MV-CA016-10UC(00D36741056)  Source-Line:libMvCameraControl.so(MediaProcess.cpp-L1876)  ProcessName:hikrobot_camera_node(36856)     Description:[SetBayerThreadNum]Set Bayer Thread Num success! BayerThreadNum[4]
Info    2026-09-29 23:16:10:126  DevID:MV-CA016-10UC(00D36741056)  Source-Line:libMvCameraControl.so(U3VDevice.cpp-L0854)  ProcessName:hikrobot_camera_node(36856)     Description:[RecordSdkVersion]CamCtrl[0x4080201], U3V SDKVersion[0x4080002], DriverVersion[0x0]
Error   2026-09-29 23:16:10:127  DevID:MV-CA016-10UC(00D36741056)  Source-Line:libMvCameraControl.so(U3VDevice.cpp-L1043)  ProcessName:hikrobot_camera_node(36856)     Description:[OpenDevice]Open device failed! PrivilegeMode[1], SwitchoverKey[0], Ret[0x80000203]
Info    2026-09-29 23:16:11:182  DevID:MV-CA016-10UC(00D36741056)  Source-Line:libMvCameraControl.so(U3VDevice.cpp-L0200)  ProcessName:hikrobot_camera_node(36856)     Description:[Init][U3V Info]Speed[0x300], DeviceAddress[0], VendorName[Hikvision], ManufacturerInfo[Hikvision], DeviceVersion[V1.4.8 181031 206647], UserID[]
Info    2026-09-29 23:16:11:182  DevID:MV-CA016-10UC(00D36741056)  Source-Line:libMvCameraControl.so(MediaProcess.cpp-L0880)  ProcessName:hikrobot_camera_node(36856)     Description:[SetBayerCvtQuality]Set Bayer CvtQuality success! BayerCvtQuality[1]
Info    2026-09-29 23:16:11:182  DevID:MV-CA016-10UC(00D36741056)  Source-Line:libMvCameraControl.so(MediaProcess.cpp-L1876)  ProcessName:hikrobot_camera_node(36856)     Description:[SetBayerThreadNum]Set Bayer Thread Num success! BayerThreadNum[4]
Info    2026-09-29 23:16:11:182  DevID:MV-CA016-10UC(00D36741056)  Source-Line:libMvCameraControl.so(MediaProcess.cpp-L0880)  ProcessName:hikrobot_camera_node(36856)     Description:[SetBayerCvtQuality]Set Bayer CvtQuality success! BayerCvtQuality[1]
Info    2026-09-29 23:16:11:182  DevID:MV-CA016-10UC(00D36741056)  Source-Line:libMvCameraControl.so(MediaProcess.cpp-L1876)  ProcessName:hikrobot_camera_node(36856)     Description:[SetBayerThreadNum]Set Bayer Thread Num success! BayerThreadNum[4]
Info    2026-09-29 23:16:11:182  DevID:MV-CA016-10UC(00D36741056)  Source-Line:libMvCameraControl.so(U3VDevice.cpp-L0854)  ProcessName:hikrobot_camera_node(36856)     Description:[RecordSdkVersion]CamCtrl[0x4080201], U3V SDKVersion[0x4080002], DriverVersion[0x0]
Error   2026-09-29 23:16:11:183  DevID:MV-CA016-10UC(00D36741056)  Source-Line:libMvCameraControl.so(U3VDevice.cpp-L1043)  ProcessName:hikrobot_camera_node(36856)     Description:[OpenDevice]Open device failed! PrivilegeMode[1], SwitchoverKey[0], Ret[0x80000203]
Info    2026-09-29 23:16:12:238  DevID:MV-CA016-10UC(00D36741056)  Source-Line:libMvCameraControl.so(U3VDevice.cpp-L0200)  ProcessName:hikrobot_camera_node(36856)     Description:[Init][U3V Info]Speed[0x300], DeviceAddress[0], VendorName[Hikvision], ManufacturerInfo[Hikvision], DeviceVersion[V1.4.8 181031 206647], UserID[]
Info    2026-09-29 23:16:12:238  DevID:MV-CA016-10UC(00D36741056)  Source-Line:libMvCameraControl.so(MediaProcess.cpp-L0880)  ProcessName:hikrobot_camera_node(36856)     Description:[SetBayerCvtQuality]Set Bayer CvtQuality success! BayerCvtQuality[1]
Info    2026-09-29 23:16:12:238  DevID:MV-CA016-10UC(00D36741056)  Source-Line:libMvCameraControl.so(MediaProcess.cpp-L1876)  ProcessName:hikrobot_camera_node(36856)     Description:[SetBayerThreadNum]Set Bayer Thread Num success! BayerThreadNum[4]
Info    2026-09-29 23:16:12:238  DevID:MV-CA016-10UC(00D36741056)  Source-Line:libMvCameraControl.so(MediaProcess.cpp-L0880)  ProcessName:hikrobot_camera_node(36856)     Description:[SetBayerCvtQuality]Set Bayer CvtQuality success! BayerCvtQuality[1]
Info    2026-09-29 23:16:12:238  DevID:MV-CA016-10UC(00D36741056)  Source-Line:libMvCameraControl.so(MediaProcess.cpp-L1876)  ProcessName:hikrobot_camera_node(36856)     Description:[SetBayerThreadNum]Set Bayer Thread Num success! BayerThreadNum[4]
Info    2026-09-29 23:16:12:238  DevID:MV-CA016-10UC(00D36741056)  Source-Line:libMvCameraControl.so(U3VDevice.cpp-L0854)  ProcessName:hikrobot_camera_node(36856)     Description:[RecordSdkVersion]CamCtrl[0x4080201], U3V SDKVersion[0x4080002], DriverVersion[0x0]
Error   2026-09-29 23:16:12:238  DevID:MV-CA016-10UC(00D36741056)  Source-Line:libMvCameraControl.so(U3VDevice.cpp-L1043)  ProcessName:hikrobot_camera_node(36856)     Description:[OpenDevice]Open device failed! PrivilegeMode[1], SwitchoverKey[0], Ret[0x80000203]
Info    2026-09-29 23:16:13:295  DevID:MV-CA016-10UC(00D36741056)  Source-Line:libMvCameraControl.so(U3VDevice.cpp-L0200)  ProcessName:hikrobot_camera_node(36856)     Description:[Init][U3V Info]Speed[0x300], DeviceAddress[0], VendorName[Hikvision], ManufacturerInfo[Hikvision], DeviceVersion[V1.4.8 181031 206647], UserID[]
Info    2026-09-29 23:16:13:295  DevID:MV-CA016-10UC(00D36741056)  Source-Line:libMvCameraControl.so(MediaProcess.cpp-L0880)  ProcessName:hikrobot_camera_node(36856)     Description:[SetBayerCvtQuality]Set Bayer CvtQuality success! BayerCvtQuality[1]
Info    2026-09-29 23:16:13:295  DevID:MV-CA016-10UC(00D36741056)  Source-Line:libMvCameraControl.so(MediaProcess.cpp-L1876)  ProcessName:hikrobot_camera_node(36856)     Description:[SetBayerThreadNum]Set Bayer Thread Num success! BayerThreadNum[4]
Info    2026-09-29 23:16:13:295  DevID:MV-CA016-10UC(00D36741056)  Source-Line:libMvCameraControl.so(MediaProcess.cpp-L0880)  ProcessName:hikrobot_camera_node(36856)     Description:[SetBayerCvtQuality]Set Bayer CvtQuality success! BayerCvtQuality[1]
Info    2026-09-29 23:16:13:295  DevID:MV-CA016-10UC(00D36741056)  Source-Line:libMvCameraControl.so(MediaProcess.cpp-L1876)  ProcessName:hikrobot_camera_node(36856)     Description:[SetBayerThreadNum]Set Bayer Thread Num success! BayerThreadNum[4]
Info    2026-09-29 23:16:13:295  DevID:MV-CA016-10UC(00D36741056)  Source-Line:libMvCameraControl.so(U3VDevice.cpp-L0854)  ProcessName:hikrobot_camera_node(36856)     Description:[RecordSdkVersion]CamCtrl[0x4080201], U3V SDKVersion[0x4080002], DriverVersion[0x0]
Error   2026-09-29 23:16:13:296  DevID:MV-CA016-10UC(00D36741056)  Source-Line:libMvCameraControl.so(U3VDevice.cpp-L1043)  ProcessName:hikrobot_camera_node(36856)     Description:[OpenDevice]Open device failed! PrivilegeMode[1], SwitchoverKey[0], Ret[0x80000203]
Info    2026-09-29 23:16:14:350  DevID:MV-CA016-10UC(00D36741056)  Source-Line:libMvCameraControl.so(U3VDevice.cpp-L0200)  ProcessName:hikrobot_camera_node(36856)     Description:[Init][U3V Info]Speed[0x300], DeviceAddress[0], VendorName[Hikvision], ManufacturerInfo[Hikvision], DeviceVersion[V1.4.8 181031 206647], UserID[]
Info    2026-09-29 23:16:14:350  DevID:MV-CA016-10UC(00D36741056)  Source-Line:libMvCameraControl.so(MediaProcess.cpp-L0880)  ProcessName:hikrobot_camera_node(36856)     Description:[SetBayerCvtQuality]Set Bayer CvtQuality success! BayerCvtQuality[1]
Info    2026-09-29 23:16:14:350  DevID:MV-CA016-10UC(00D36741056)  Source-Line:libMvCameraControl.so(MediaProcess.cpp-L1876)  ProcessName:hikrobot_camera_node(36856)     Description:[SetBayerThreadNum]Set Bayer Thread Num success! BayerThreadNum[4]
Info    2026-09-29 23:16:14:350  DevID:MV-CA016-10UC(00D36741056)  Source-Line:libMvCameraControl.so(MediaProcess.cpp-L0880)  ProcessName:hikrobot_camera_node(36856)     Description:[SetBayerCvtQuality]Set Bayer CvtQuality success! BayerCvtQuality[1]
Info    2026-09-29 23:16:14:350  DevID:MV-CA016-10UC(00D36741056)  Source-Line:libMvCameraControl.so(MediaProcess.cpp-L1876)  ProcessName:hikrobot_camera_node(36856)     Description:[SetBayerThreadNum]Set Bayer Thread Num success! BayerThreadNum[4]
Info    2026-09-29 23:16:14:350  DevID:MV-CA016-10UC(00D36741056)  Source-Line:libMvCameraControl.so(U3VDevice.cpp-L0854)  ProcessName:hikrobot_camera_node(36856)     Description:[RecordSdkVersion]CamCtrl[0x4080201], U3V SDKVersion[0x4080002], DriverVersion[0x0]
Error   2026-09-29 23:16:14:351  DevID:MV-CA016-10UC(00D36741056)  Source-Line:libMvCameraControl.so(U3VDevice.cpp-L1043)  ProcessName:hikrobot_camera_node(36856)     Description:[OpenDevice]Open device failed! PrivilegeMode[1], SwitchoverKey[0], Ret[0x80000203]
Info    2026-09-29 23:16:15:407  DevID:MV-CA016-10UC(00D36741056)  Source-Line:libMvCameraControl.so(U3VDevice.cpp-L0200)  ProcessName:hikrobot_camera_node(36856)     Description:[Init][U3V Info]Speed[0x300], DeviceAddress[0], VendorName[Hikvision], ManufacturerInfo[Hikvision], DeviceVersion[V1.4.8 181031 206647], UserID[]
Info    2026-09-29 23:16:15:407  DevID:MV-CA016-10UC(00D36741056)  Source-Line:libMvCameraControl.so(MediaProcess.cpp-L0880)  ProcessName:hikrobot_camera_node(36856)     Description:[SetBayerCvtQuality]Set Bayer CvtQuality success! BayerCvtQuality[1]
Info    2026-09-29 23:16:15:407  DevID:MV-CA016-10UC(00D36741056)  Source-Line:libMvCameraControl.so(MediaProcess.cpp-L1876)  ProcessName:hikrobot_camera_node(36856)     Description:[SetBayerThreadNum]Set Bayer Thread Num success! BayerThreadNum[4]
Info    2026-09-29 23:16:15:407  DevID:MV-CA016-10UC(00D36741056)  Source-Line:libMvCameraControl.so(MediaProcess.cpp-L0880)  ProcessName:hikrobot_camera_node(36856)     Description:[SetBayerCvtQuality]Set Bayer CvtQuality success! BayerCvtQuality[1]
Info    2026-09-29 23:16:15:407  DevID:MV-CA016-10UC(00D36741056)  Source-Line:libMvCameraControl.so(MediaProcess.cpp-L1876)  ProcessName:hikrobot_camera_node(36856)     Description:[SetBayerThreadNum]Set Bayer Thread Num success! BayerThreadNum[4]
Info    2026-09-29 23:16:15:407  DevID:MV-CA016-10UC(00D36741056)  Source-Line:libMvCameraControl.so(U3VDevice.cpp-L0854)  ProcessName:hikrobot_camera_node(36856)     Description:[RecordSdkVersion]CamCtrl[0x4080201], U3V SDKVersion[0x4080002], DriverVersion[0x0]
Error   2026-09-29 23:16:15:408  DevID:MV-CA016-10UC(00D36741056)  Source-Line:libMvCameraControl.so(U3VDevice.cpp-L1043)  ProcessName:hikrobot_camera_node(36856)     Description:[OpenDevice]Open device failed! PrivilegeMode[1], SwitchoverKey[0], Ret[0x80000203]
Info    2026-09-29 23:16:16:463  DevID:MV-CA016-10UC(00D36741056)  Source-Line:libMvCameraControl.so(U3VDevice.cpp-L0200)  ProcessName:hikrobot_camera_node(36856)     Description:[Init][U3V Info]Speed[0x300], DeviceAddress[0], VendorName[Hikvision], ManufacturerInfo[Hikvision], DeviceVersion[V1.4.8 181031 206647], UserID[]
Info    2026-09-29 23:16:16:463  DevID:MV-CA016-10UC(00D36741056)  Source-Line:libMvCameraControl.so(MediaProcess.cpp-L0880)  ProcessName:hikrobot_camera_node(36856)     Description:[SetBayerCvtQuality]Set Bayer CvtQuality success! BayerCvtQuality[1]
Info    2026-09-29 23:16:16:463  DevID:MV-CA016-10UC(00D36741056)  Source-Line:libMvCameraControl.so(MediaProcess.cpp-L1876)  ProcessName:hikrobot_camera_node(36856)     Description:[SetBayerThreadNum]Set Bayer Thread Num success! BayerThreadNum[4]
Info    2026-09-29 23:16:16:463  DevID:MV-CA016-10UC(00D36741056)  Source-Line:libMvCameraControl.so(MediaProcess.cpp-L0880)  ProcessName:hikrobot_camera_node(36856)     Description:[SetBayerCvtQuality]Set Bayer CvtQuality success! BayerCvtQuality[1]
Info    2026-09-29 23:16:16:463  DevID:MV-CA016-10UC(00D36741056)  Source-Line:libMvCameraControl.so(MediaProcess.cpp-L1876)  ProcessName:hikrobot_camera_node(36856)     Description:[SetBayerThreadNum]Set Bayer Thread Num success! BayerThreadNum[4]
Info    2026-09-29 23:16:16:463  DevID:MV-CA016-10UC(00D36741056)  Source-Line:libMvCameraControl.so(U3VDevice.cpp-L0854)  ProcessName:hikrobot_camera_node(36856)     Description:[RecordSdkVersion]CamCtrl[0x4080201], U3V SDKVersion[0x4080002], DriverVersion[0x0]
Error   2026-09-29 23:16:16:464  DevID:MV-CA016-10UC(00D36741056)  Source-Line:libMvCameraControl.so(U3VDevice.cpp-L1043)  ProcessName:hikrobot_camera_node(36856)     Description:[OpenDevice]Open device failed! PrivilegeMode[1], SwitchoverKey[0], Ret[0x80000203]
Info    2026-09-29 23:16:17:519  DevID:MV-CA016-10UC(00D36741056)  Source-Line:libMvCameraControl.so(U3VDevice.cpp-L0200)  ProcessName:hikrobot_camera_node(36856)     Description:[Init][U3V Info]Speed[0x300], DeviceAddress[0], VendorName[Hikvision], ManufacturerInfo[Hikvision], DeviceVersion[V1.4.8 181031 206647], UserID[]
Info    2026-09-29 23:16:17:519  DevID:MV-CA016-10UC(00D36741056)  Source-Line:libMvCameraControl.so(MediaProcess.cpp-L0880)  ProcessName:hikrobot_camera_node(36856)     Description:[SetBayerCvtQuality]Set Bayer CvtQuality success! BayerCvtQuality[1]
Info    2026-09-29 23:16:17:519  DevID:MV-CA016-10UC(00D36741056)  Source-Line:libMvCameraControl.so(MediaProcess.cpp-L1876)  ProcessName:hikrobot_camera_node(36856)     Description:[SetBayerThreadNum]Set Bayer Thread Num success! BayerThreadNum[4]
Info    2026-09-29 23:16:17:519  DevID:MV-CA016-10UC(00D36741056)  Source-Line:libMvCameraControl.so(MediaProcess.cpp-L0880)  ProcessName:hikrobot_camera_node(36856)     Description:[SetBayerCvtQuality]Set Bayer CvtQuality success! BayerCvtQuality[1]
Info    2026-09-29 23:16:17:519  DevID:MV-CA016-10UC(00D36741056)  Source-Line:libMvCameraControl.so(MediaProcess.cpp-L1876)  ProcessName:hikrobot_camera_node(36856)     Description:[SetBayerThreadNum]Set Bayer Thread Num success! BayerThreadNum[4]
Info    2026-09-29 23:16:17:519  DevID:MV-CA016-10UC(00D36741056)  Source-Line:libMvCameraControl.so(U3VDevice.cpp-L0854)  ProcessName:hikrobot_camera_node(36856)     Description:[RecordSdkVersion]CamCtrl[0x4080201], U3V SDKVersion[0x4080002], DriverVersion[0x0]
Error   2026-09-29 23:16:17:520  DevID:MV-CA016-10UC(00D36741056)  Source-Line:libMvCameraControl.so(U3VDevice.cpp-L1043)  ProcessName:hikrobot_camera_node(36856)     Description:[OpenDevice]Open device failed! PrivilegeMode[1], SwitchoverKey[0], Ret[0x80000203]
Info    2026-09-29 23:16:18:574  DevID:MV-CA016-10UC(00D36741056)  Source-Line:libMvCameraControl.so(U3VDevice.cpp-L0200)  ProcessName:hikrobot_camera_node(36856)     Description:[Init][U3V Info]Speed[0x300], DeviceAddress[0], VendorName[Hikvision], ManufacturerInfo[Hikvision], DeviceVersion[V1.4.8 181031 206647], UserID[]
Info    2026-09-29 23:16:18:574  DevID:MV-CA016-10UC(00D36741056)  Source-Line:libMvCameraControl.so(MediaProcess.cpp-L0880)  ProcessName:hikrobot_camera_node(36856)     Description:[SetBayerCvtQuality]Set Bayer CvtQuality success! BayerCvtQuality[1]
Info    2026-09-29 23:16:18:574  DevID:MV-CA016-10UC(00D36741056)  Source-Line:libMvCameraControl.so(MediaProcess.cpp-L1876)  ProcessName:hikrobot_camera_node(36856)     Description:[SetBayerThreadNum]Set Bayer Thread Num success! BayerThreadNum[4]
Info    2026-09-29 23:16:18:574  DevID:MV-CA016-10UC(00D36741056)  Source-Line:libMvCameraControl.so(MediaProcess.cpp-L0880)  ProcessName:hikrobot_camera_node(36856)     Description:[SetBayerCvtQuality]Set Bayer CvtQuality success! BayerCvtQuality[1]
Info    2026-09-29 23:16:18:574  DevID:MV-CA016-10UC(00D36741056)  Source-Line:libMvCameraControl.so(MediaProcess.cpp-L1876)  ProcessName:hikrobot_camera_node(36856)     Description:[SetBayerThreadNum]Set Bayer Thread Num success! BayerThreadNum[4]
Info    2026-09-29 23:16:18:574  DevID:MV-CA016-10UC(00D36741056)  Source-Line:libMvCameraControl.so(U3VDevice.cpp-L0854)  ProcessName:hikrobot_camera_node(36856)     Description:[RecordSdkVersion]CamCtrl[0x4080201], U3V SDKVersion[0x4080002], DriverVersion[0x0]
Error   2026-09-29 23:16:18:575  DevID:MV-CA016-10UC(00D36741056)  Source-Line:libMvCameraControl.so(U3VDevice.cpp-L1043)  ProcessName:hikrobot_camera_node(36856)     Description:[OpenDevice]Open device failed! PrivilegeMode[1], SwitchoverKey[0], Ret[0x80000203]
Info    2026-09-29 23:16:19:631  DevID:MV-CA016-10UC(00D36741056)  Source-Line:libMvCameraControl.so(U3VDevice.cpp-L0200)  ProcessName:hikrobot_camera_node(36856)     Description:[Init][U3V Info]Speed[0x300], DeviceAddress[0], VendorName[Hikvision], ManufacturerInfo[Hikvision], DeviceVersion[V1.4.8 181031 206647], UserID[]
Info    2026-09-29 23:16:19:631  DevID:MV-CA016-10UC(00D36741056)  Source-Line:libMvCameraControl.so(MediaProcess.cpp-L0880)  ProcessName:hikrobot_camera_node(36856)     Description:[SetBayerCvtQuality]Set Bayer CvtQuality success! BayerCvtQuality[1]
Info    2026-09-29 23:16:19:631  DevID:MV-CA016-10UC(00D36741056)  Source-Line:libMvCameraControl.so(MediaProcess.cpp-L1876)  ProcessName:hikrobot_camera_node(36856)     Description:[SetBayerThreadNum]Set Bayer Thread Num success! BayerThreadNum[4]
Info    2026-09-29 23:16:19:631  DevID:MV-CA016-10UC(00D36741056)  Source-Line:libMvCameraControl.so(MediaProcess.cpp-L0880)  ProcessName:hikrobot_camera_node(36856)     Description:[SetBayerCvtQuality]Set Bayer CvtQuality success! BayerCvtQuality[1]
Info    2026-09-29 23:16:19:631  DevID:MV-CA016-10UC(00D36741056)  Source-Line:libMvCameraControl.so(MediaProcess.cpp-L1876)  ProcessName:hikrobot_camera_node(36856)     Description:[SetBayerThreadNum]Set Bayer Thread Num success! BayerThreadNum[4]
Info    2026-09-29 23:16:19:631  DevID:MV-CA016-10UC(00D36741056)  Source-Line:libMvCameraControl.so(U3VDevice.cpp-L0854)  ProcessName:hikrobot_camera_node(36856)     Description:[RecordSdkVersion]CamCtrl[0x4080201], U3V SDKVersion[0x4080002], DriverVersion[0x0]
Error   2026-09-29 23:16:19:633  DevID:MV-CA016-10UC(00D36741056)  Source-Line:libMvCameraControl.so(U3VDevice.cpp-L1043)  ProcessName:hikrobot_camera_node(36856)     Description:[OpenDevice]Open device failed! PrivilegeMode[1], SwitchoverKey[0], Ret[0x80000203]
Info    2026-09-29 23:16:20:687  DevID:MV-CA016-10UC(00D36741056)  Source-Line:libMvCameraControl.so(U3VDevice.cpp-L0200)  ProcessName:hikrobot_camera_node(36856)     Description:[Init][U3V Info]Speed[0x300], DeviceAddress[0], VendorName[Hikvision], ManufacturerInfo[Hikvision], DeviceVersion[V1.4.8 181031 206647], UserID[]
Info    2026-09-29 23:16:20:687  DevID:MV-CA016-10UC(00D36741056)  Source-Line:libMvCameraControl.so(MediaProcess.cpp-L0880)  ProcessName:hikrobot_camera_node(36856)     Description:[SetBayerCvtQuality]Set Bayer CvtQuality success! BayerCvtQuality[1]
Info    2026-09-29 23:16:20:687  DevID:MV-CA016-10UC(00D36741056)  Source-Line:libMvCameraControl.so(MediaProcess.cpp-L1876)  ProcessName:hikrobot_camera_node(36856)     Description:[SetBayerThreadNum]Set Bayer Thread Num success! BayerThreadNum[4]
Info    2026-09-29 23:16:20:687  DevID:MV-CA016-10UC(00D36741056)  Source-Line:libMvCameraControl.so(MediaProcess.cpp-L0880)  ProcessName:hikrobot_camera_node(36856)     Description:[SetBayerCvtQuality]Set Bayer CvtQuality success! BayerCvtQuality[1]
Info    2026-09-29 23:16:20:687  DevID:MV-CA016-10UC(00D36741056)  Source-Line:libMvCameraControl.so(MediaProcess.cpp-L1876)  ProcessName:hikrobot_camera_node(36856)     Description:[SetBayerThreadNum]Set Bayer Thread Num success! BayerThreadNum[4]
Info    2026-09-29 23:16:20:687  DevID:MV-CA016-10UC(00D36741056)  Source-Line:libMvCameraControl.so(U3VDevice.cpp-L0854)  ProcessName:hikrobot_camera_node(36856)     Description:[RecordSdkVersion]CamCtrl[0x4080201], U3V SDKVersion[0x4080002], DriverVersion[0x0]
Error   2026-09-29 23:16:20:687  DevID:MV-CA016-10UC(00D36741056)  Source-Line:libMvCameraControl.so(U3VDevice.cpp-L1043)  ProcessName:hikrobot_camera_node(36856)     Description:[OpenDevice]Open device failed! PrivilegeMode[1], SwitchoverKey[0], Ret[0x80000203]
Info    2026-09-29 23:16:21:743  DevID:MV-CA016-10UC(00D36741056)  Source-Line:libMvCameraControl.so(U3VDevice.cpp-L0200)  ProcessName:hikrobot_camera_node(36856)     Description:[Init][U3V Info]Speed[0x300], DeviceAddress[0], VendorName[Hikvision], ManufacturerInfo[Hikvision], DeviceVersion[V1.4.8 181031 206647], UserID[]
Info    2026-09-29 23:16:21:743  DevID:MV-CA016-10UC(00D36741056)  Source-Line:libMvCameraControl.so(MediaProcess.cpp-L0880)  ProcessName:hikrobot_camera_node(36856)     Description:[SetBayerCvtQuality]Set Bayer CvtQuality success! BayerCvtQuality[1]
Info    2026-09-29 23:16:21:743  DevID:MV-CA016-10UC(00D36741056)  Source-Line:libMvCameraControl.so(MediaProcess.cpp-L1876)  ProcessName:hikrobot_camera_node(36856)     Description:[SetBayerThreadNum]Set Bayer Thread Num success! BayerThreadNum[4]
Info    2026-09-29 23:16:21:743  DevID:MV-CA016-10UC(00D36741056)  Source-Line:libMvCameraControl.so(MediaProcess.cpp-L0880)  ProcessName:hikrobot_camera_node(36856)     Description:[SetBayerCvtQuality]Set Bayer CvtQuality success! BayerCvtQuality[1]
Info    2026-09-29 23:16:21:743  DevID:MV-CA016-10UC(00D36741056)  Source-Line:libMvCameraControl.so(MediaProcess.cpp-L1876)  ProcessName:hikrobot_camera_node(36856)     Description:[SetBayerThreadNum]Set Bayer Thread Num success! BayerThreadNum[4]
Info    2026-09-29 23:16:21:743  DevID:MV-CA016-10UC(00D36741056)  Source-Line:libMvCameraControl.so(U3VDevice.cpp-L0854)  ProcessName:hikrobot_camera_node(36856)     Description:[RecordSdkVersion]CamCtrl[0x4080201], U3V SDKVersion[0x4080002], DriverVersion[0x0]
Error   2026-09-29 23:16:21:744  DevID:MV-CA016-10UC(00D36741056)  Source-Line:libMvCameraControl.so(U3VDevice.cpp-L1043)  ProcessName:hikrobot_camera_node(36856)     Description:[OpenDevice]Open device failed! PrivilegeMode[1], SwitchoverKey[0], Ret[0x80000203]
Info    2026-09-29 23:16:22:799  DevID:MV-CA016-10UC(00D36741056)  Source-Line:libMvCameraControl.so(U3VDevice.cpp-L0200)  ProcessName:hikrobot_camera_node(36856)     Description:[Init][U3V Info]Speed[0x300], DeviceAddress[0], VendorName[Hikvision], ManufacturerInfo[Hikvision], DeviceVersion[V1.4.8 181031 206647], UserID[]
Info    2026-09-29 23:16:22:799  DevID:MV-CA016-10UC(00D36741056)  Source-Line:libMvCameraControl.so(MediaProcess.cpp-L0880)  ProcessName:hikrobot_camera_node(36856)     Description:[SetBayerCvtQuality]Set Bayer CvtQuality success! BayerCvtQuality[1]
Info    2026-09-29 23:16:22:799  DevID:MV-CA016-10UC(00D36741056)  Source-Line:libMvCameraControl.so(MediaProcess.cpp-L1876)  ProcessName:hikrobot_camera_node(36856)     Description:[SetBayerThreadNum]Set Bayer Thread Num success! BayerThreadNum[4]
Info    2026-09-29 23:16:22:799  DevID:MV-CA016-10UC(00D36741056)  Source-Line:libMvCameraControl.so(MediaProcess.cpp-L0880)  ProcessName:hikrobot_camera_node(36856)     Description:[SetBayerCvtQuality]Set Bayer CvtQuality success! BayerCvtQuality[1]
Info    2026-09-29 23:16:22:799  DevID:MV-CA016-10UC(00D36741056)  Source-Line:libMvCameraControl.so(MediaProcess.cpp-L1876)  ProcessName:hikrobot_camera_node(36856)     Description:[SetBayerThreadNum]Set Bayer Thread Num success! BayerThreadNum[4]
Info    2026-09-29 23:16:22:799  DevID:MV-CA016-10UC(00D36741056)  Source-Line:libMvCameraControl.so(U3VDevice.cpp-L0854)  ProcessName:hikrobot_camera_node(36856)     Description:[RecordSdkVersion]CamCtrl[0x4080201], U3V SDKVersion[0x4080002], DriverVersion[0x0]
Error   2026-09-29 23:16:22:800  DevID:MV-CA016-10UC(00D36741056)  Source-Line:libMvCameraControl.so(U3VDevice.cpp-L1043)  ProcessName:hikrobot_camera_node(36856)     Description:[OpenDevice]Open device failed! PrivilegeMode[1], SwitchoverKey[0], Ret[0x80000203]
Info    2026-09-29 23:16:23:855  DevID:MV-CA016-10UC(00D36741056)  Source-Line:libMvCameraControl.so(U3VDevice.cpp-L0200)  ProcessName:hikrobot_camera_node(36856)     Description:[Init][U3V Info]Speed[0x300], DeviceAddress[0], VendorName[Hikvision], ManufacturerInfo[Hikvision], DeviceVersion[V1.4.8 181031 206647], UserID[]
Info    2026-09-29 23:16:23:855  DevID:MV-CA016-10UC(00D36741056)  Source-Line:libMvCameraControl.so(MediaProcess.cpp-L0880)  ProcessName:hikrobot_camera_node(36856)     Description:[SetBayerCvtQuality]Set Bayer CvtQuality success! BayerCvtQuality[1]
Info    2026-09-29 23:16:23:855  DevID:MV-CA016-10UC(00D36741056)  Source-Line:libMvCameraControl.so(MediaProcess.cpp-L1876)  ProcessName:hikrobot_camera_node(36856)     Description:[SetBayerThreadNum]Set Bayer Thread Num success! BayerThreadNum[4]
Info    2026-09-29 23:16:23:855  DevID:MV-CA016-10UC(00D36741056)  Source-Line:libMvCameraControl.so(MediaProcess.cpp-L0880)  ProcessName:hikrobot_camera_node(36856)     Description:[SetBayerCvtQuality]Set Bayer CvtQuality success! BayerCvtQuality[1]
Info    2026-09-29 23:16:23:855  DevID:MV-CA016-10UC(00D36741056)  Source-Line:libMvCameraControl.so(MediaProcess.cpp-L1876)  ProcessName:hikrobot_camera_node(36856)     Description:[SetBayerThreadNum]Set Bayer Thread Num success! BayerThreadNum[4]
Info    2026-09-29 23:16:23:855  DevID:MV-CA016-10UC(00D36741056)  Source-Line:libMvCameraControl.so(U3VDevice.cpp-L0854)  ProcessName:hikrobot_camera_node(36856)     Description:[RecordSdkVersion]CamCtrl[0x4080201], U3V SDKVersion[0x4080002], DriverVersion[0x0]
Error   2026-09-29 23:16:23:856  DevID:MV-CA016-10UC(00D36741056)  Source-Line:libMvCameraControl.so(U3VDevice.cpp-L1043)  ProcessName:hikrobot_camera_node(36856)     Description:[OpenDevice]Open device failed! PrivilegeMode[1], SwitchoverKey[0], Ret[0x80000203]
Info    2026-09-29 23:16:24:911  DevID:MV-CA016-10UC(00D36741056)  Source-Line:libMvCameraControl.so(U3VDevice.cpp-L0200)  ProcessName:hikrobot_camera_node(36856)     Description:[Init][U3V Info]Speed[0x300], DeviceAddress[0], VendorName[Hikvision], ManufacturerInfo[Hikvision], DeviceVersion[V1.4.8 181031 206647], UserID[]
Info    2026-09-29 23:16:24:911  DevID:MV-CA016-10UC(00D36741056)  Source-Line:libMvCameraControl.so(MediaProcess.cpp-L0880)  ProcessName:hikrobot_camera_node(36856)     Description:[SetBayerCvtQuality]Set Bayer CvtQuality success! BayerCvtQuality[1]
Info    2026-09-29 23:16:24:911  DevID:MV-CA016-10UC(00D36741056)  Source-Line:libMvCameraControl.so(MediaProcess.cpp-L1876)  ProcessName:hikrobot_camera_node(36856)     Description:[SetBayerThreadNum]Set Bayer Thread Num success! BayerThreadNum[4]
Info    2026-09-29 23:16:24:911  DevID:MV-CA016-10UC(00D36741056)  Source-Line:libMvCameraControl.so(MediaProcess.cpp-L0880)  ProcessName:hikrobot_camera_node(36856)     Description:[SetBayerCvtQuality]Set Bayer CvtQuality success! BayerCvtQuality[1]
Info    2026-09-29 23:16:24:911  DevID:MV-CA016-10UC(00D36741056)  Source-Line:libMvCameraControl.so(MediaProcess.cpp-L1876)  ProcessName:hikrobot_camera_node(36856)     Description:[SetBayerThreadNum]Set Bayer Thread Num success! BayerThreadNum[4]
Info    2026-09-29 23:16:24:911  DevID:MV-CA016-10UC(00D36741056)  Source-Line:libMvCameraControl.so(U3VDevice.cpp-L0854)  ProcessName:hikrobot_camera_node(36856)     Description:[RecordSdkVersion]CamCtrl[0x4080201], U3V SDKVersion[0x4080002], DriverVersion[0x0]
Error   2026-09-29 23:16:24:912  DevID:MV-CA016-10UC(00D36741056)  Source-Line:libMvCameraControl.so(U3VDevice.cpp-L1043)  ProcessName:hikrobot_camera_node(36856)     Description:[OpenDevice]Open device failed! PrivilegeMode[1], SwitchoverKey[0], Ret[0x80000203]
Info    2026-09-29 23:16:25:967  DevID:MV-CA016-10UC(00D36741056)  Source-Line:libMvCameraControl.so(U3VDevice.cpp-L0200)  ProcessName:hikrobot_camera_node(36856)     Description:[Init][U3V Info]Speed[0x300], DeviceAddress[0], VendorName[Hikvision], ManufacturerInfo[Hikvision], DeviceVersion[V1.4.8 181031 206647], UserID[]
Info    2026-09-29 23:16:25:967  DevID:MV-CA016-10UC(00D36741056)  Source-Line:libMvCameraControl.so(MediaProcess.cpp-L0880)  ProcessName:hikrobot_camera_node(36856)     Description:[SetBayerCvtQuality]Set Bayer CvtQuality success! BayerCvtQuality[1]
Info    2026-09-29 23:16:25:967  DevID:MV-CA016-10UC(00D36741056)  Source-Line:libMvCameraControl.so(MediaProcess.cpp-L1876)  ProcessName:hikrobot_camera_node(36856)     Description:[SetBayerThreadNum]Set Bayer Thread Num success! BayerThreadNum[4]
Info    2026-09-29 23:16:25:967  DevID:MV-CA016-10UC(00D36741056)  Source-Line:libMvCameraControl.so(MediaProcess.cpp-L0880)  ProcessName:hikrobot_camera_node(36856)     Description:[SetBayerCvtQuality]Set Bayer CvtQuality success! BayerCvtQuality[1]
Info    2026-09-29 23:16:25:967  DevID:MV-CA016-10UC(00D36741056)  Source-Line:libMvCameraControl.so(MediaProcess.cpp-L1876)  ProcessName:hikrobot_camera_node(36856)     Description:[SetBayerThreadNum]Set Bayer Thread Num success! BayerThreadNum[4]
Info    2026-09-29 23:16:25:967  DevID:MV-CA016-10UC(00D36741056)  Source-Line:libMvCameraControl.so(U3VDevice.cpp-L0854)  ProcessName:hikrobot_camera_node(36856)     Description:[RecordSdkVersion]CamCtrl[0x4080201], U3V SDKVersion[0x4080002], DriverVersion[0x0]
Error   2026-09-29 23:16:25:969  DevID:MV-CA016-10UC(00D36741056)  Source-Line:libMvCameraControl.so(U3VDevice.cpp-L1043)  ProcessName:hikrobot_camera_node(36856)     Description:[OpenDevice]Open device failed! PrivilegeMode[1], SwitchoverKey[0], Ret[0x80000203]
Info    2026-09-29 23:16:27:023  DevID:MV-CA016-10UC(00D36741056)  Source-Line:libMvCameraControl.so(U3VDevice.cpp-L0200)  ProcessName:hikrobot_camera_node(36856)     Description:[Init][U3V Info]Speed[0x300], DeviceAddress[0], VendorName[Hikvision], ManufacturerInfo[Hikvision], DeviceVersion[V1.4.8 181031 206647], UserID[]
Info    2026-09-29 23:16:27:023  DevID:MV-CA016-10UC(00D36741056)  Source-Line:libMvCameraControl.so(MediaProcess.cpp-L0880)  ProcessName:hikrobot_camera_node(36856)     Description:[SetBayerCvtQuality]Set Bayer CvtQuality success! BayerCvtQuality[1]
Info    2026-09-29 23:16:27:023  DevID:MV-CA016-10UC(00D36741056)  Source-Line:libMvCameraControl.so(MediaProcess.cpp-L1876)  ProcessName:hikrobot_camera_node(36856)     Description:[SetBayerThreadNum]Set Bayer Thread Num success! BayerThreadNum[4]
Info    2026-09-29 23:16:27:023  DevID:MV-CA016-10UC(00D36741056)  Source-Line:libMvCameraControl.so(MediaProcess.cpp-L0880)  ProcessName:hikrobot_camera_node(36856)     Description:[SetBayerCvtQuality]Set Bayer CvtQuality success! BayerCvtQuality[1]
Info    2026-09-29 23:16:27:023  DevID:MV-CA016-10UC(00D36741056)  Source-Line:libMvCameraControl.so(MediaProcess.cpp-L1876)  ProcessName:hikrobot_camera_node(36856)     Description:[SetBayerThreadNum]Set Bayer Thread Num success! BayerThreadNum[4]
Info    2026-09-29 23:16:27:023  DevID:MV-CA016-10UC(00D36741056)  Source-Line:libMvCameraControl.so(U3VDevice.cpp-L0854)  ProcessName:hikrobot_camera_node(36856)     Description:[RecordSdkVersion]CamCtrl[0x4080201], U3V SDKVersion[0x4080002], DriverVersion[0x0]
Error   2026-09-29 23:16:27:024  DevID:MV-CA016-10UC(00D36741056)  Source-Line:libMvCameraControl.so(U3VDevice.cpp-L1043)  ProcessName:hikrobot_camera_node(36856)     Description:[OpenDevice]Open device failed! PrivilegeMode[1], SwitchoverKey[0], Ret[0x80000203]
Info    2026-09-29 23:16:28:079  DevID:MV-CA016-10UC(00D36741056)  Source-Line:libMvCameraControl.so(U3VDevice.cpp-L0200)  ProcessName:hikrobot_camera_node(36856)     Description:[Init][U3V Info]Speed[0x300], DeviceAddress[0], VendorName[Hikvision], ManufacturerInfo[Hikvision], DeviceVersion[V1.4.8 181031 206647], UserID[]
Info    2026-09-29 23:16:28:079  DevID:MV-CA016-10UC(00D36741056)  Source-Line:libMvCameraControl.so(MediaProcess.cpp-L0880)  ProcessName:hikrobot_camera_node(36856)     Description:[SetBayerCvtQuality]Set Bayer CvtQuality success! BayerCvtQuality[1]
Info    2026-09-29 23:16:28:079  DevID:MV-CA016-10UC(00D36741056)  Source-Line:libMvCameraControl.so(MediaProcess.cpp-L1876)  ProcessName:hikrobot_camera_node(36856)     Description:[SetBayerThreadNum]Set Bayer Thread Num success! BayerThreadNum[4]
Info    2026-09-29 23:16:28:079  DevID:MV-CA016-10UC(00D36741056)  Source-Line:libMvCameraControl.so(MediaProcess.cpp-L0880)  ProcessName:hikrobot_camera_node(36856)     Description:[SetBayerCvtQuality]Set Bayer CvtQuality success! BayerCvtQuality[1]
Info    2026-09-29 23:16:28:079  DevID:MV-CA016-10UC(00D36741056)  Source-Line:libMvCameraControl.so(MediaProcess.cpp-L1876)  ProcessName:hikrobot_camera_node(36856)     Description:[SetBayerThreadNum]Set Bayer Thread Num success! BayerThreadNum[4]
Info    2026-09-29 23:16:28:079  DevID:MV-CA016-10UC(00D36741056)  Source-Line:libMvCameraControl.so(U3VDevice.cpp-L0854)  ProcessName:hikrobot_camera_node(36856)     Description:[RecordSdkVersion]CamCtrl[0x4080201], U3V SDKVersion[0x4080002], DriverVersion[0x0]
Error   2026-09-29 23:16:28:080  DevID:MV-CA016-10UC(00D36741056)  Source-Line:libMvCameraControl.so(U3VDevice.cpp-L1043)  ProcessName:hikrobot_camera_node(36856)     Description:[OpenDevice]Open device failed! PrivilegeMode[1], SwitchoverKey[0], Ret[0x80000203]
Info    2026-09-29 23:16:29:134  DevID:MV-CA016-10UC(00D36741056)  Source-Line:libMvCameraControl.so(U3VDevice.cpp-L0200)  ProcessName:hikrobot_camera_node(36856)     Description:[Init][U3V Info]Speed[0x300], DeviceAddress[0], VendorName[Hikvision], ManufacturerInfo[Hikvision], DeviceVersion[V1.4.8 181031 206647], UserID[]
Info    2026-09-29 23:16:29:134  DevID:MV-CA016-10UC(00D36741056)  Source-Line:libMvCameraControl.so(MediaProcess.cpp-L0880)  ProcessName:hikrobot_camera_node(36856)     Description:[SetBayerCvtQuality]Set Bayer CvtQuality success! BayerCvtQuality[1]
Info    2026-09-29 23:16:29:135  DevID:MV-CA016-10UC(00D36741056)  Source-Line:libMvCameraControl.so(MediaProcess.cpp-L1876)  ProcessName:hikrobot_camera_node(36856)     Description:[SetBayerThreadNum]Set Bayer Thread Num success! BayerThreadNum[4]
Info    2026-09-29 23:16:29:135  DevID:MV-CA016-10UC(00D36741056)  Source-Line:libMvCameraControl.so(MediaProcess.cpp-L0880)  ProcessName:hikrobot_camera_node(36856)     Description:[SetBayerCvtQuality]Set Bayer CvtQuality success! BayerCvtQuality[1]
Info    2026-09-29 23:16:29:135  DevID:MV-CA016-10UC(00D36741056)  Source-Line:libMvCameraControl.so(MediaProcess.cpp-L1876)  ProcessName:hikrobot_camera_node(36856)     Description:[SetBayerThreadNum]Set Bayer Thread Num success! BayerThreadNum[4]
Info    2026-09-29 23:16:29:135  DevID:MV-CA016-10UC(00D36741056)  Source-Line:libMvCameraControl.so(U3VDevice.cpp-L0854)  ProcessName:hikrobot_camera_node(36856)     Description:[RecordSdkVersion]CamCtrl[0x4080201], U3V SDKVersion[0x4080002], DriverVersion[0x0]
Error   2026-09-29 23:16:29:135  DevID:MV-CA016-10UC(00D36741056)  Source-Line:libMvCameraControl.so(U3VDevice.cpp-L1043)  ProcessName:hikrobot_camera_node(36856)     Description:[OpenDevice]Open device failed! PrivilegeMode[1], SwitchoverKey[0], Ret[0x80000203]
Info    2026-09-29 23:16:30:191  DevID:MV-CA016-10UC(00D36741056)  Source-Line:libMvCameraControl.so(U3VDevice.cpp-L0200)  ProcessName:hikrobot_camera_node(36856)     Description:[Init][U3V Info]Speed[0x300], DeviceAddress[0], VendorName[Hikvision], ManufacturerInfo[Hikvision], DeviceVersion[V1.4.8 181031 206647], UserID[]
Info    2026-09-29 23:16:30:191  DevID:MV-CA016-10UC(00D36741056)  Source-Line:libMvCameraControl.so(MediaProcess.cpp-L0880)  ProcessName:hikrobot_camera_node(36856)     Description:[SetBayerCvtQuality]Set Bayer CvtQuality success! BayerCvtQuality[1]
Info    2026-09-29 23:16:30:191  DevID:MV-CA016-10UC(00D36741056)  Source-Line:libMvCameraControl.so(MediaProcess.cpp-L1876)  ProcessName:hikrobot_camera_node(36856)     Description:[SetBayerThreadNum]Set Bayer Thread Num success! BayerThreadNum[4]
Info    2026-09-29 23:16:30:191  DevID:MV-CA016-10UC(00D36741056)  Source-Line:libMvCameraControl.so(MediaProcess.cpp-L0880)  ProcessName:hikrobot_camera_node(36856)     Description:[SetBayerCvtQuality]Set Bayer CvtQuality success! BayerCvtQuality[1]
Info    2026-09-29 23:16:30:191  DevID:MV-CA016-10UC(00D36741056)  Source-Line:libMvCameraControl.so(MediaProcess.cpp-L1876)  ProcessName:hikrobot_camera_node(36856)     Description:[SetBayerThreadNum]Set Bayer Thread Num success! BayerThreadNum[4]
Info    2026-09-29 23:16:30:191  DevID:MV-CA016-10UC(00D36741056)  Source-Line:libMvCameraControl.so(U3VDevice.cpp-L0854)  ProcessName:hikrobot_camera_node(36856)     Description:[RecordSdkVersion]CamCtrl[0x4080201], U3V SDKVersion[0x4080002], DriverVersion[0x0]
Error   2026-09-29 23:16:30:193  DevID:MV-CA016-10UC(00D36741056)  Source-Line:libMvCameraControl.so(U3VDevice.cpp-L1043)  ProcessName:hikrobot_camera_node(36856)     Description:[OpenDevice]Open device failed! PrivilegeMode[1], SwitchoverKey[0], Ret[0x80000203]
Info    2026-09-29 23:16:31:247  DevID:MV-CA016-10UC(00D36741056)  Source-Line:libMvCameraControl.so(U3VDevice.cpp-L0200)  ProcessName:hikrobot_camera_node(36856)     Description:[Init][U3V Info]Speed[0x300], DeviceAddress[0], VendorName[Hikvision], ManufacturerInfo[Hikvision], DeviceVersion[V1.4.8 181031 206647], UserID[]
Info    2026-09-29 23:16:31:247  DevID:MV-CA016-10UC(00D36741056)  Source-Line:libMvCameraControl.so(MediaProcess.cpp-L0880)  ProcessName:hikrobot_camera_node(36856)     Description:[SetBayerCvtQuality]Set Bayer CvtQuality success! BayerCvtQuality[1]
Info    2026-09-29 23:16:31:247  DevID:MV-CA016-10UC(00D36741056)  Source-Line:libMvCameraControl.so(MediaProcess.cpp-L1876)  ProcessName:hikrobot_camera_node(36856)     Description:[SetBayerThreadNum]Set Bayer Thread Num success! BayerThreadNum[4]
Info    2026-09-29 23:16:31:247  DevID:MV-CA016-10UC(00D36741056)  Source-Line:libMvCameraControl.so(MediaProcess.cpp-L0880)  ProcessName:hikrobot_camera_node(36856)     Description:[SetBayerCvtQuality]Set Bayer CvtQuality success! BayerCvtQuality[1]
Info    2026-09-29 23:16:31:247  DevID:MV-CA016-10UC(00D36741056)  Source-Line:libMvCameraControl.so(MediaProcess.cpp-L1876)  ProcessName:hikrobot_camera_node(36856)     Description:[SetBayerThreadNum]Set Bayer Thread Num success! BayerThreadNum[4]
Info    2026-09-29 23:16:31:247  DevID:MV-CA016-10UC(00D36741056)  Source-Line:libMvCameraControl.so(U3VDevice.cpp-L0854)  ProcessName:hikrobot_camera_node(36856)     Description:[RecordSdkVersion]CamCtrl[0x4080201], U3V SDKVersion[0x4080002], DriverVersion[0x0]
Error   2026-09-29 23:16:31:248  DevID:MV-CA016-10UC(00D36741056)  Source-Line:libMvCameraControl.so(U3VDevice.cpp-L1043)  ProcessName:hikrobot_camera_node(36856)     Description:[OpenDevice]Open device failed! PrivilegeMode[1], SwitchoverKey[0], Ret[0x80000203]
Info    2026-09-29 23:16:32:304  DevID:MV-CA016-10UC(00D36741056)  Source-Line:libMvCameraControl.so(U3VDevice.cpp-L0200)  ProcessName:hikrobot_camera_node(36856)     Description:[Init][U3V Info]Speed[0x300], DeviceAddress[0], VendorName[Hikvision], ManufacturerInfo[Hikvision], DeviceVersion[V1.4.8 181031 206647], UserID[]
Info    2026-09-29 23:16:32:304  DevID:MV-CA016-10UC(00D36741056)  Source-Line:libMvCameraControl.so(MediaProcess.cpp-L0880)  ProcessName:hikrobot_camera_node(36856)     Description:[SetBayerCvtQuality]Set Bayer CvtQuality success! BayerCvtQuality[1]
Info    2026-09-29 23:16:32:304  DevID:MV-CA016-10UC(00D36741056)  Source-Line:libMvCameraControl.so(MediaProcess.cpp-L1876)  ProcessName:hikrobot_camera_node(36856)     Description:[SetBayerThreadNum]Set Bayer Thread Num success! BayerThreadNum[4]
Info    2026-09-29 23:16:32:304  DevID:MV-CA016-10UC(00D36741056)  Source-Line:libMvCameraControl.so(MediaProcess.cpp-L0880)  ProcessName:hikrobot_camera_node(36856)     Description:[SetBayerCvtQuality]Set Bayer CvtQuality success! BayerCvtQuality[1]
Info    2026-09-29 23:16:32:304  DevID:MV-CA016-10UC(00D36741056)  Source-Line:libMvCameraControl.so(MediaProcess.cpp-L1876)  ProcessName:hikrobot_camera_node(36856)     Description:[SetBayerThreadNum]Set Bayer Thread Num success! BayerThreadNum[4]
Info    2026-09-29 23:16:32:304  DevID:MV-CA016-10UC(00D36741056)  Source-Line:libMvCameraControl.so(U3VDevice.cpp-L0854)  ProcessName:hikrobot_camera_node(36856)     Description:[RecordSdkVersion]CamCtrl[0x4080201], U3V SDKVersion[0x4080002], DriverVersion[0x0]
Error   2026-09-29 23:16:32:305  DevID:MV-CA016-10UC(00D36741056)  Source-Line:libMvCameraControl.so(U3VDevice.cpp-L1043)  ProcessName:hikrobot_camera_node(36856)     Description:[OpenDevice]Open device failed! PrivilegeMode[1], SwitchoverKey[0], Ret[0x80000203]
Info    2026-09-29 23:16:33:359  DevID:MV-CA016-10UC(00D36741056)  Source-Line:libMvCameraControl.so(U3VDevice.cpp-L0200)  ProcessName:hikrobot_camera_node(36856)     Description:[Init][U3V Info]Speed[0x300], DeviceAddress[0], VendorName[Hikvision], ManufacturerInfo[Hikvision], DeviceVersion[V1.4.8 181031 206647], UserID[]
Info    2026-09-29 23:16:33:359  DevID:MV-CA016-10UC(00D36741056)  Source-Line:libMvCameraControl.so(MediaProcess.cpp-L0880)  ProcessName:hikrobot_camera_node(36856)     Description:[SetBayerCvtQuality]Set Bayer CvtQuality success! BayerCvtQuality[1]
Info    2026-09-29 23:16:33:359  DevID:MV-CA016-10UC(00D36741056)  Source-Line:libMvCameraControl.so(MediaProcess.cpp-L1876)  ProcessName:hikrobot_camera_node(36856)     Description:[SetBayerThreadNum]Set Bayer Thread Num success! BayerThreadNum[4]
Info    2026-09-29 23:16:33:359  DevID:MV-CA016-10UC(00D36741056)  Source-Line:libMvCameraControl.so(MediaProcess.cpp-L0880)  ProcessName:hikrobot_camera_node(36856)     Description:[SetBayerCvtQuality]Set Bayer CvtQuality success! BayerCvtQuality[1]
Info    2026-09-29 23:16:33:359  DevID:MV-CA016-10UC(00D36741056)  Source-Line:libMvCameraControl.so(MediaProcess.cpp-L1876)  ProcessName:hikrobot_camera_node(36856)     Description:[SetBayerThreadNum]Set Bayer Thread Num success! BayerThreadNum[4]
Info    2026-09-29 23:16:33:360  DevID:MV-CA016-10UC(00D36741056)  Source-Line:libMvCameraControl.so(U3VDevice.cpp-L0854)  ProcessName:hikrobot_camera_node(36856)     Description:[RecordSdkVersion]CamCtrl[0x4080201], U3V SDKVersion[0x4080002], DriverVersion[0x0]
Error   2026-09-29 23:16:33:361  DevID:MV-CA016-10UC(00D36741056)  Source-Line:libMvCameraControl.so(U3VDevice.cpp-L1043)  ProcessName:hikrobot_camera_node(36856)     Description:[OpenDevice]Open device failed! PrivilegeMode[1], SwitchoverKey[0], Ret[0x80000203]
Info    2026-09-29 23:16:34:415  DevID:MV-CA016-10UC(00D36741056)  Source-Line:libMvCameraControl.so(U3VDevice.cpp-L0200)  ProcessName:hikrobot_camera_node(36856)     Description:[Init][U3V Info]Speed[0x300], DeviceAddress[0], VendorName[Hikvision], ManufacturerInfo[Hikvision], DeviceVersion[V1.4.8 181031 206647], UserID[]
Info    2026-09-29 23:16:34:415  DevID:MV-CA016-10UC(00D36741056)  Source-Line:libMvCameraControl.so(MediaProcess.cpp-L0880)  ProcessName:hikrobot_camera_node(36856)     Description:[SetBayerCvtQuality]Set Bayer CvtQuality success! BayerCvtQuality[1]
Info    2026-09-29 23:16:34:415  DevID:MV-CA016-10UC(00D36741056)  Source-Line:libMvCameraControl.so(MediaProcess.cpp-L1876)  ProcessName:hikrobot_camera_node(36856)     Description:[SetBayerThreadNum]Set Bayer Thread Num success! BayerThreadNum[4]
Info    2026-09-29 23:16:34:415  DevID:MV-CA016-10UC(00D36741056)  Source-Line:libMvCameraControl.so(MediaProcess.cpp-L0880)  ProcessName:hikrobot_camera_node(36856)     Description:[SetBayerCvtQuality]Set Bayer CvtQuality success! BayerCvtQuality[1]
Info    2026-09-29 23:16:34:415  DevID:MV-CA016-10UC(00D36741056)  Source-Line:libMvCameraControl.so(MediaProcess.cpp-L1876)  ProcessName:hikrobot_camera_node(36856)     Description:[SetBayerThreadNum]Set Bayer Thread Num success! BayerThreadNum[4]
Info    2026-09-29 23:16:34:416  DevID:MV-CA016-10UC(00D36741056)  Source-Line:libMvCameraControl.so(U3VDevice.cpp-L0854)  ProcessName:hikrobot_camera_node(36856)     Description:[RecordSdkVersion]CamCtrl[0x4080201], U3V SDKVersion[0x4080002], DriverVersion[0x0]
Error   2026-09-29 23:16:34:417  DevID:MV-CA016-10UC(00D36741056)  Source-Line:libMvCameraControl.so(U3VDevice.cpp-L1043)  ProcessName:hikrobot_camera_node(36856)     Description:[OpenDevice]Open device failed! PrivilegeMode[1], SwitchoverKey[0], Ret[0x80000203]
Info    2026-09-29 23:16:35:471  DevID:MV-CA016-10UC(00D36741056)  Source-Line:libMvCameraControl.so(U3VDevice.cpp-L0200)  ProcessName:hikrobot_camera_node(36856)     Description:[Init][U3V Info]Speed[0x300], DeviceAddress[0], VendorName[Hikvision], ManufacturerInfo[Hikvision], DeviceVersion[V1.4.8 181031 206647], UserID[]
Info    2026-09-29 23:16:35:471  DevID:MV-CA016-10UC(00D36741056)  Source-Line:libMvCameraControl.so(MediaProcess.cpp-L0880)  ProcessName:hikrobot_camera_node(36856)     Description:[SetBayerCvtQuality]Set Bayer CvtQuality success! BayerCvtQuality[1]
Info    2026-09-29 23:16:35:471  DevID:MV-CA016-10UC(00D36741056)  Source-Line:libMvCameraControl.so(MediaProcess.cpp-L1876)  ProcessName:hikrobot_camera_node(36856)     Description:[SetBayerThreadNum]Set Bayer Thread Num success! BayerThreadNum[4]
Info    2026-09-29 23:16:35:471  DevID:MV-CA016-10UC(00D36741056)  Source-Line:libMvCameraControl.so(MediaProcess.cpp-L0880)  ProcessName:hikrobot_camera_node(36856)     Description:[SetBayerCvtQuality]Set Bayer CvtQuality success! BayerCvtQuality[1]
Info    2026-09-29 23:16:35:471  DevID:MV-CA016-10UC(00D36741056)  Source-Line:libMvCameraControl.so(MediaProcess.cpp-L1876)  ProcessName:hikrobot_camera_node(36856)     Description:[SetBayerThreadNum]Set Bayer Thread Num success! BayerThreadNum[4]
Info    2026-09-29 23:16:35:471  DevID:MV-CA016-10UC(00D36741056)  Source-Line:libMvCameraControl.so(U3VDevice.cpp-L0854)  ProcessName:hikrobot_camera_node(36856)     Description:[RecordSdkVersion]CamCtrl[0x4080201], U3V SDKVersion[0x4080002], DriverVersion[0x0]
Error   2026-09-29 23:16:35:472  DevID:MV-CA016-10UC(00D36741056)  Source-Line:libMvCameraControl.so(U3VDevice.cpp-L1043)  ProcessName:hikrobot_camera_node(36856)     Description:[OpenDevice]Open device failed! PrivilegeMode[1], SwitchoverKey[0], Ret[0x80000203]
Info    2026-09-29 23:16:36:527  DevID:MV-CA016-10UC(00D36741056)  Source-Line:libMvCameraControl.so(U3VDevice.cpp-L0200)  ProcessName:hikrobot_camera_node(36856)     Description:[Init][U3V Info]Speed[0x300], DeviceAddress[0], VendorName[Hikvision], ManufacturerInfo[Hikvision], DeviceVersion[V1.4.8 181031 206647], UserID[]
Info    2026-09-29 23:16:36:527  DevID:MV-CA016-10UC(00D36741056)  Source-Line:libMvCameraControl.so(MediaProcess.cpp-L0880)  ProcessName:hikrobot_camera_node(36856)     Description:[SetBayerCvtQuality]Set Bayer CvtQuality success! BayerCvtQuality[1]
Info    2026-09-29 23:16:36:527  DevID:MV-CA016-10UC(00D36741056)  Source-Line:libMvCameraControl.so(MediaProcess.cpp-L1876)  ProcessName:hikrobot_camera_node(36856)     Description:[SetBayerThreadNum]Set Bayer Thread Num success! BayerThreadNum[4]
Info    2026-09-29 23:16:36:527  DevID:MV-CA016-10UC(00D36741056)  Source-Line:libMvCameraControl.so(MediaProcess.cpp-L0880)  ProcessName:hikrobot_camera_node(36856)     Description:[SetBayerCvtQuality]Set Bayer CvtQuality success! BayerCvtQuality[1]
Info    2026-09-29 23:16:36:527  DevID:MV-CA016-10UC(00D36741056)  Source-Line:libMvCameraControl.so(MediaProcess.cpp-L1876)  ProcessName:hikrobot_camera_node(36856)     Description:[SetBayerThreadNum]Set Bayer Thread Num success! BayerThreadNum[4]
Info    2026-09-29 23:16:36:527  DevID:MV-CA016-10UC(00D36741056)  Source-Line:libMvCameraControl.so(U3VDevice.cpp-L0854)  ProcessName:hikrobot_camera_node(36856)     Description:[RecordSdkVersion]CamCtrl[0x4080201], U3V SDKVersion[0x4080002], DriverVersion[0x0]
Error   2026-09-29 23:16:36:528  DevID:MV-CA016-10UC(00D36741056)  Source-Line:libMvCameraControl.so(U3VDevice.cpp-L1043)  ProcessName:hikrobot_camera_node(36856)     Description:[OpenDevice]Open device failed! PrivilegeMode[1], SwitchoverKey[0], Ret[0x80000203]
Info    2026-09-29 23:16:37:583  DevID:MV-CA016-10UC(00D36741056)  Source-Line:libMvCameraControl.so(U3VDevice.cpp-L0200)  ProcessName:hikrobot_camera_node(36856)     Description:[Init][U3V Info]Speed[0x300], DeviceAddress[0], VendorName[Hikvision], ManufacturerInfo[Hikvision], DeviceVersion[V1.4.8 181031 206647], UserID[]
Info    2026-09-29 23:16:37:583  DevID:MV-CA016-10UC(00D36741056)  Source-Line:libMvCameraControl.so(MediaProcess.cpp-L0880)  ProcessName:hikrobot_camera_node(36856)     Description:[SetBayerCvtQuality]Set Bayer CvtQuality success! BayerCvtQuality[1]
Info    2026-09-29 23:16:37:583  DevID:MV-CA016-10UC(00D36741056)  Source-Line:libMvCameraControl.so(MediaProcess.cpp-L1876)  ProcessName:hikrobot_camera_node(36856)     Description:[SetBayerThreadNum]Set Bayer Thread Num success! BayerThreadNum[4]
Info    2026-09-29 23:16:37:583  DevID:MV-CA016-10UC(00D36741056)  Source-Line:libMvCameraControl.so(MediaProcess.cpp-L0880)  ProcessName:hikrobot_camera_node(36856)     Description:[SetBayerCvtQuality]Set Bayer CvtQuality success! BayerCvtQuality[1]
Info    2026-09-29 23:16:37:583  DevID:MV-CA016-10UC(00D36741056)  Source-Line:libMvCameraControl.so(MediaProcess.cpp-L1876)  ProcessName:hikrobot_camera_node(36856)     Description:[SetBayerThreadNum]Set Bayer Thread Num success! BayerThreadNum[4]
Info    2026-09-29 23:16:37:584  DevID:MV-CA016-10UC(00D36741056)  Source-Line:libMvCameraControl.so(U3VDevice.cpp-L0854)  ProcessName:hikrobot_camera_node(36856)     Description:[RecordSdkVersion]CamCtrl[0x4080201], U3V SDKVersion[0x4080002], DriverVersion[0x0]
Error   2026-09-29 23:16:37:585  DevID:MV-CA016-10UC(00D36741056)  Source-Line:libMvCameraControl.so(U3VDevice.cpp-L1043)  ProcessName:hikrobot_camera_node(36856)     Description:[OpenDevice]Open device failed! PrivilegeMode[1], SwitchoverKey[0], Ret[0x80000203]
Info    2026-09-29 23:16:38:639  DevID:MV-CA016-10UC(00D36741056)  Source-Line:libMvCameraControl.so(U3VDevice.cpp-L0200)  ProcessName:hikrobot_camera_node(36856)     Description:[Init][U3V Info]Speed[0x300], DeviceAddress[0], VendorName[Hikvision], ManufacturerInfo[Hikvision], DeviceVersion[V1.4.8 181031 206647], UserID[]
Info    2026-09-29 23:16:38:639  DevID:MV-CA016-10UC(00D36741056)  Source-Line:libMvCameraControl.so(MediaProcess.cpp-L0880)  ProcessName:hikrobot_camera_node(36856)     Description:[SetBayerCvtQuality]Set Bayer CvtQuality success! BayerCvtQuality[1]
Info    2026-09-29 23:16:38:639  DevID:MV-CA016-10UC(00D36741056)  Source-Line:libMvCameraControl.so(MediaProcess.cpp-L1876)  ProcessName:hikrobot_camera_node(36856)     Description:[SetBayerThreadNum]Set Bayer Thread Num success! BayerThreadNum[4]
Info    2026-09-29 23:16:38:639  DevID:MV-CA016-10UC(00D36741056)  Source-Line:libMvCameraControl.so(MediaProcess.cpp-L0880)  ProcessName:hikrobot_camera_node(36856)     Description:[SetBayerCvtQuality]Set Bayer CvtQuality success! BayerCvtQuality[1]
Info    2026-09-29 23:16:38:639  DevID:MV-CA016-10UC(00D36741056)  Source-Line:libMvCameraControl.so(MediaProcess.cpp-L1876)  ProcessName:hikrobot_camera_node(36856)     Description:[SetBayerThreadNum]Set Bayer Thread Num success! BayerThreadNum[4]
Info    2026-09-29 23:16:38:639  DevID:MV-CA016-10UC(00D36741056)  Source-Line:libMvCameraControl.so(U3VDevice.cpp-L0854)  ProcessName:hikrobot_camera_node(36856)     Description:[RecordSdkVersion]CamCtrl[0x4080201], U3V SDKVersion[0x4080002], DriverVersion[0x0]
Error   2026-09-29 23:16:38:641  DevID:MV-CA016-10UC(00D36741056)  Source-Line:libMvCameraControl.so(U3VDevice.cpp-L1043)  ProcessName:hikrobot_camera_node(36856)     Description:[OpenDevice]Open device failed! PrivilegeMode[1], SwitchoverKey[0], Ret[0x80000203]
Info    2026-09-29 23:16:39:696  DevID:MV-CA016-10UC(00D36741056)  Source-Line:libMvCameraControl.so(U3VDevice.cpp-L0200)  ProcessName:hikrobot_camera_node(36856)     Description:[Init][U3V Info]Speed[0x300], DeviceAddress[0], VendorName[Hikvision], ManufacturerInfo[Hikvision], DeviceVersion[V1.4.8 181031 206647], UserID[]
Info    2026-09-29 23:16:39:696  DevID:MV-CA016-10UC(00D36741056)  Source-Line:libMvCameraControl.so(MediaProcess.cpp-L0880)  ProcessName:hikrobot_camera_node(36856)     Description:[SetBayerCvtQuality]Set Bayer CvtQuality success! BayerCvtQuality[1]
Info    2026-09-29 23:16:39:696  DevID:MV-CA016-10UC(00D36741056)  Source-Line:libMvCameraControl.so(MediaProcess.cpp-L1876)  ProcessName:hikrobot_camera_node(36856)     Description:[SetBayerThreadNum]Set Bayer Thread Num success! BayerThreadNum[4]
Info    2026-09-29 23:16:39:696  DevID:MV-CA016-10UC(00D36741056)  Source-Line:libMvCameraControl.so(MediaProcess.cpp-L0880)  ProcessName:hikrobot_camera_node(36856)     Description:[SetBayerCvtQuality]Set Bayer CvtQuality success! BayerCvtQuality[1]
Info    2026-09-29 23:16:39:696  DevID:MV-CA016-10UC(00D36741056)  Source-Line:libMvCameraControl.so(MediaProcess.cpp-L1876)  ProcessName:hikrobot_camera_node(36856)     Description:[SetBayerThreadNum]Set Bayer Thread Num success! BayerThreadNum[4]
Info    2026-09-29 23:16:39:696  DevID:MV-CA016-10UC(00D36741056)  Source-Line:libMvCameraControl.so(U3VDevice.cpp-L0854)  ProcessName:hikrobot_camera_node(36856)     Description:[RecordSdkVersion]CamCtrl[0x4080201], U3V SDKVersion[0x4080002], DriverVersion[0x0]
Error   2026-09-29 23:16:39:697  DevID:MV-CA016-10UC(00D36741056)  Source-Line:libMvCameraControl.so(U3VDevice.cpp-L1043)  ProcessName:hikrobot_camera_node(36856)     Description:[OpenDevice]Open device failed! PrivilegeMode[1], SwitchoverKey[0], Ret[0x80000203]
Info    2026-09-29 23:16:40:752  DevID:MV-CA016-10UC(00D36741056)  Source-Line:libMvCameraControl.so(U3VDevice.cpp-L0200)  ProcessName:hikrobot_camera_node(36856)     Description:[Init][U3V Info]Speed[0x300], DeviceAddress[0], VendorName[Hikvision], ManufacturerInfo[Hikvision], DeviceVersion[V1.4.8 181031 206647], UserID[]
Info    2026-09-29 23:16:40:752  DevID:MV-CA016-10UC(00D36741056)  Source-Line:libMvCameraControl.so(MediaProcess.cpp-L0880)  ProcessName:hikrobot_camera_node(36856)     Description:[SetBayerCvtQuality]Set Bayer CvtQuality success! BayerCvtQuality[1]
Info    2026-09-29 23:16:40:752  DevID:MV-CA016-10UC(00D36741056)  Source-Line:libMvCameraControl.so(MediaProcess.cpp-L1876)  ProcessName:hikrobot_camera_node(36856)     Description:[SetBayerThreadNum]Set Bayer Thread Num success! BayerThreadNum[4]
Info    2026-09-29 23:16:40:752  DevID:MV-CA016-10UC(00D36741056)  Source-Line:libMvCameraControl.so(MediaProcess.cpp-L0880)  ProcessName:hikrobot_camera_node(36856)     Description:[SetBayerCvtQuality]Set Bayer CvtQuality success! BayerCvtQuality[1]
Info    2026-09-29 23:16:40:752  DevID:MV-CA016-10UC(00D36741056)  Source-Line:libMvCameraControl.so(MediaProcess.cpp-L1876)  ProcessName:hikrobot_camera_node(36856)     Description:[SetBayerThreadNum]Set Bayer Thread Num success! BayerThreadNum[4]
Info    2026-09-29 23:16:40:752  DevID:MV-CA016-10UC(00D36741056)  Source-Line:libMvCameraControl.so(U3VDevice.cpp-L0854)  ProcessName:hikrobot_camera_node(36856)     Description:[RecordSdkVersion]CamCtrl[0x4080201], U3V SDKVersion[0x4080002], DriverVersion[0x0]
Error   2026-09-29 23:16:40:753  DevID:MV-CA016-10UC(00D36741056)  Source-Line:libMvCameraControl.so(U3VDevice.cpp-L1043)  ProcessName:hikrobot_camera_node(36856)     Description:[OpenDevice]Open device failed! PrivilegeMode[1], SwitchoverKey[0], Ret[0x80000203]
Info    2026-09-29 23:16:41:808  DevID:MV-CA016-10UC(00D36741056)  Source-Line:libMvCameraControl.so(U3VDevice.cpp-L0200)  ProcessName:hikrobot_camera_node(36856)     Description:[Init][U3V Info]Speed[0x300], DeviceAddress[0], VendorName[Hikvision], ManufacturerInfo[Hikvision], DeviceVersion[V1.4.8 181031 206647], UserID[]
Info    2026-09-29 23:16:41:808  DevID:MV-CA016-10UC(00D36741056)  Source-Line:libMvCameraControl.so(MediaProcess.cpp-L0880)  ProcessName:hikrobot_camera_node(36856)     Description:[SetBayerCvtQuality]Set Bayer CvtQuality success! BayerCvtQuality[1]
Info    2026-09-29 23:16:41:808  DevID:MV-CA016-10UC(00D36741056)  Source-Line:libMvCameraControl.so(MediaProcess.cpp-L1876)  ProcessName:hikrobot_camera_node(36856)     Description:[SetBayerThreadNum]Set Bayer Thread Num success! BayerThreadNum[4]
Info    2026-09-29 23:16:41:808  DevID:MV-CA016-10UC(00D36741056)  Source-Line:libMvCameraControl.so(MediaProcess.cpp-L0880)  ProcessName:hikrobot_camera_node(36856)     Description:[SetBayerCvtQuality]Set Bayer CvtQuality success! BayerCvtQuality[1]
Info    2026-09-29 23:16:41:808  DevID:MV-CA016-10UC(00D36741056)  Source-Line:libMvCameraControl.so(MediaProcess.cpp-L1876)  ProcessName:hikrobot_camera_node(36856)     Description:[SetBayerThreadNum]Set Bayer Thread Num success! BayerThreadNum[4]
Info    2026-09-29 23:16:41:808  DevID:MV-CA016-10UC(00D36741056)  Source-Line:libMvCameraControl.so(U3VDevice.cpp-L0854)  ProcessName:hikrobot_camera_node(36856)     Description:[RecordSdkVersion]CamCtrl[0x4080201], U3V SDKVersion[0x4080002], DriverVersion[0x0]
Error   2026-09-29 23:16:41:809  DevID:MV-CA016-10UC(00D36741056)  Source-Line:libMvCameraControl.so(U3VDevice.cpp-L1043)  ProcessName:hikrobot_camera_node(36856)     Description:[OpenDevice]Open device failed! PrivilegeMode[1], SwitchoverKey[0], Ret[0x80000203]
Info    2026-09-29 23:16:42:864  DevID:MV-CA016-10UC(00D36741056)  Source-Line:libMvCameraControl.so(U3VDevice.cpp-L0200)  ProcessName:hikrobot_camera_node(36856)     Description:[Init][U3V Info]Speed[0x300], DeviceAddress[0], VendorName[Hikvision], ManufacturerInfo[Hikvision], DeviceVersion[V1.4.8 181031 206647], UserID[]
Info    2026-09-29 23:16:42:864  DevID:MV-CA016-10UC(00D36741056)  Source-Line:libMvCameraControl.so(MediaProcess.cpp-L0880)  ProcessName:hikrobot_camera_node(36856)     Description:[SetBayerCvtQuality]Set Bayer CvtQuality success! BayerCvtQuality[1]
Info    2026-09-29 23:16:42:864  DevID:MV-CA016-10UC(00D36741056)  Source-Line:libMvCameraControl.so(MediaProcess.cpp-L1876)  ProcessName:hikrobot_camera_node(36856)     Description:[SetBayerThreadNum]Set Bayer Thread Num success! BayerThreadNum[4]
Info    2026-09-29 23:16:42:864  DevID:MV-CA016-10UC(00D36741056)  Source-Line:libMvCameraControl.so(MediaProcess.cpp-L0880)  ProcessName:hikrobot_camera_node(36856)     Description:[SetBayerCvtQuality]Set Bayer CvtQuality success! BayerCvtQuality[1]
Info    2026-09-29 23:16:42:864  DevID:MV-CA016-10UC(00D36741056)  Source-Line:libMvCameraControl.so(MediaProcess.cpp-L1876)  ProcessName:hikrobot_camera_node(36856)     Description:[SetBayerThreadNum]Set Bayer Thread Num success! BayerThreadNum[4]
Info    2026-09-29 23:16:42:864  DevID:MV-CA016-10UC(00D36741056)  Source-Line:libMvCameraControl.so(U3VDevice.cpp-L0854)  ProcessName:hikrobot_camera_node(36856)     Description:[RecordSdkVersion]CamCtrl[0x4080201], U3V SDKVersion[0x4080002], DriverVersion[0x0]
Error   2026-09-29 23:16:42:865  DevID:MV-CA016-10UC(00D36741056)  Source-Line:libMvCameraControl.so(U3VDevice.cpp-L1043)  ProcessName:hikrobot_camera_node(36856)     Description:[OpenDevice]Open device failed! PrivilegeMode[1], SwitchoverKey[0], Ret[0x80000203]
Info    2026-09-29 23:16:43:919  DevID:MV-CA016-10UC(00D36741056)  Source-Line:libMvCameraControl.so(U3VDevice.cpp-L0200)  ProcessName:hikrobot_camera_node(36856)     Description:[Init][U3V Info]Speed[0x300], DeviceAddress[0], VendorName[Hikvision], ManufacturerInfo[Hikvision], DeviceVersion[V1.4.8 181031 206647], UserID[]
Info    2026-09-29 23:16:43:920  DevID:MV-CA016-10UC(00D36741056)  Source-Line:libMvCameraControl.so(MediaProcess.cpp-L0880)  ProcessName:hikrobot_camera_node(36856)     Description:[SetBayerCvtQuality]Set Bayer CvtQuality success! BayerCvtQuality[1]
Info    2026-09-29 23:16:43:920  DevID:MV-CA016-10UC(00D36741056)  Source-Line:libMvCameraControl.so(MediaProcess.cpp-L1876)  ProcessName:hikrobot_camera_node(36856)     Description:[SetBayerThreadNum]Set Bayer Thread Num success! BayerThreadNum[4]
Info    2026-09-29 23:16:43:920  DevID:MV-CA016-10UC(00D36741056)  Source-Line:libMvCameraControl.so(MediaProcess.cpp-L0880)  ProcessName:hikrobot_camera_node(36856)     Description:[SetBayerCvtQuality]Set Bayer CvtQuality success! BayerCvtQuality[1]
Info    2026-09-29 23:16:43:920  DevID:MV-CA016-10UC(00D36741056)  Source-Line:libMvCameraControl.so(MediaProcess.cpp-L1876)  ProcessName:hikrobot_camera_node(36856)     Description:[SetBayerThreadNum]Set Bayer Thread Num success! BayerThreadNum[4]
Info    2026-09-29 23:16:43:920  DevID:MV-CA016-10UC(00D36741056)  Source-Line:libMvCameraControl.so(U3VDevice.cpp-L0854)  ProcessName:hikrobot_camera_node(36856)     Description:[RecordSdkVersion]CamCtrl[0x4080201], U3V SDKVersion[0x4080002], DriverVersion[0x0]
Error   2026-09-29 23:16:43:920  DevID:MV-CA016-10UC(00D36741056)  Source-Line:libMvCameraControl.so(U3VDevice.cpp-L1043)  ProcessName:hikrobot_camera_node(36856)     Description:[OpenDevice]Open device failed! PrivilegeMode[1], SwitchoverKey[0], Ret[0x80000203]
Info    2026-09-29 23:16:44:975  DevID:MV-CA016-10UC(00D36741056)  Source-Line:libMvCameraControl.so(U3VDevice.cpp-L0200)  ProcessName:hikrobot_camera_node(36856)     Description:[Init][U3V Info]Speed[0x300], DeviceAddress[0], VendorName[Hikvision], ManufacturerInfo[Hikvision], DeviceVersion[V1.4.8 181031 206647], UserID[]
Info    2026-09-29 23:16:44:976  DevID:MV-CA016-10UC(00D36741056)  Source-Line:libMvCameraControl.so(MediaProcess.cpp-L0880)  ProcessName:hikrobot_camera_node(36856)     Description:[SetBayerCvtQuality]Set Bayer CvtQuality success! BayerCvtQuality[1]
Info    2026-09-29 23:16:44:976  DevID:MV-CA016-10UC(00D36741056)  Source-Line:libMvCameraControl.so(MediaProcess.cpp-L1876)  ProcessName:hikrobot_camera_node(36856)     Description:[SetBayerThreadNum]Set Bayer Thread Num success! BayerThreadNum[4]
Info    2026-09-29 23:16:44:976  DevID:MV-CA016-10UC(00D36741056)  Source-Line:libMvCameraControl.so(MediaProcess.cpp-L0880)  ProcessName:hikrobot_camera_node(36856)     Description:[SetBayerCvtQuality]Set Bayer CvtQuality success! BayerCvtQuality[1]
Info    2026-09-29 23:16:44:976  DevID:MV-CA016-10UC(00D36741056)  Source-Line:libMvCameraControl.so(MediaProcess.cpp-L1876)  ProcessName:hikrobot_camera_node(36856)     Description:[SetBayerThreadNum]Set Bayer Thread Num success! BayerThreadNum[4]
Info    2026-09-29 23:16:44:976  DevID:MV-CA016-10UC(00D36741056)  Source-Line:libMvCameraControl.so(U3VDevice.cpp-L0854)  ProcessName:hikrobot_camera_node(36856)     Description:[RecordSdkVersion]CamCtrl[0x4080201], U3V SDKVersion[0x4080002], DriverVersion[0x0]
Error   2026-09-29 23:16:44:976  DevID:MV-CA016-10UC(00D36741056)  Source-Line:libMvCameraControl.so(U3VDevice.cpp-L1043)  ProcessName:hikrobot_camera_node(36856)     Description:[OpenDevice]Open device failed! PrivilegeMode[1], SwitchoverKey[0], Ret[0x80000203]
Info    2026-09-29 23:16:46:031  DevID:MV-CA016-10UC(00D36741056)  Source-Line:libMvCameraControl.so(U3VDevice.cpp-L0200)  ProcessName:hikrobot_camera_node(36856)     Description:[Init][U3V Info]Speed[0x300], DeviceAddress[0], VendorName[Hikvision], ManufacturerInfo[Hikvision], DeviceVersion[V1.4.8 181031 206647], UserID[]
Info    2026-09-29 23:16:46:031  DevID:MV-CA016-10UC(00D36741056)  Source-Line:libMvCameraControl.so(MediaProcess.cpp-L0880)  ProcessName:hikrobot_camera_node(36856)     Description:[SetBayerCvtQuality]Set Bayer CvtQuality success! BayerCvtQuality[1]
Info    2026-09-29 23:16:46:031  DevID:MV-CA016-10UC(00D36741056)  Source-Line:libMvCameraControl.so(MediaProcess.cpp-L1876)  ProcessName:hikrobot_camera_node(36856)     Description:[SetBayerThreadNum]Set Bayer Thread Num success! BayerThreadNum[4]
Info    2026-09-29 23:16:46:031  DevID:MV-CA016-10UC(00D36741056)  Source-Line:libMvCameraControl.so(MediaProcess.cpp-L0880)  ProcessName:hikrobot_camera_node(36856)     Description:[SetBayerCvtQuality]Set Bayer CvtQuality success! BayerCvtQuality[1]
Info    2026-09-29 23:16:46:031  DevID:MV-CA016-10UC(00D36741056)  Source-Line:libMvCameraControl.so(MediaProcess.cpp-L1876)  ProcessName:hikrobot_camera_node(36856)     Description:[SetBayerThreadNum]Set Bayer Thread Num success! BayerThreadNum[4]
Info    2026-09-29 23:16:46:031  DevID:MV-CA016-10UC(00D36741056)  Source-Line:libMvCameraControl.so(U3VDevice.cpp-L0854)  ProcessName:hikrobot_camera_node(36856)     Description:[RecordSdkVersion]CamCtrl[0x4080201], U3V SDKVersion[0x4080002], DriverVersion[0x0]
Error   2026-09-29 23:16:46:032  DevID:MV-CA016-10UC(00D36741056)  Source-Line:libMvCameraControl.so(U3VDevice.cpp-L1043)  ProcessName:hikrobot_camera_node(36856)     Description:[OpenDevice]Open device failed! PrivilegeMode[1], SwitchoverKey[0], Ret[0x80000203]
Info    2026-09-29 23:16:47:088  DevID:MV-CA016-10UC(00D36741056)  Source-Line:libMvCameraControl.so(U3VDevice.cpp-L0200)  ProcessName:hikrobot_camera_node(36856)     Description:[Init][U3V Info]Speed[0x300], DeviceAddress[0], VendorName[Hikvision], ManufacturerInfo[Hikvision], DeviceVersion[V1.4.8 181031 206647], UserID[]
Info    2026-09-29 23:16:47:088  DevID:MV-CA016-10UC(00D36741056)  Source-Line:libMvCameraControl.so(MediaProcess.cpp-L0880)  ProcessName:hikrobot_camera_node(36856)     Description:[SetBayerCvtQuality]Set Bayer CvtQuality success! BayerCvtQuality[1]
Info    2026-09-29 23:16:47:088  DevID:MV-CA016-10UC(00D36741056)  Source-Line:libMvCameraControl.so(MediaProcess.cpp-L1876)  ProcessName:hikrobot_camera_node(36856)     Description:[SetBayerThreadNum]Set Bayer Thread Num success! BayerThreadNum[4]
Info    2026-09-29 23:16:47:088  DevID:MV-CA016-10UC(00D36741056)  Source-Line:libMvCameraControl.so(MediaProcess.cpp-L0880)  ProcessName:hikrobot_camera_node(36856)     Description:[SetBayerCvtQuality]Set Bayer CvtQuality success! BayerCvtQuality[1]
Info    2026-09-29 23:16:47:088  DevID:MV-CA016-10UC(00D36741056)  Source-Line:libMvCameraControl.so(MediaProcess.cpp-L1876)  ProcessName:hikrobot_camera_node(36856)     Description:[SetBayerThreadNum]Set Bayer Thread Num success! BayerThreadNum[4]
Info    2026-09-29 23:16:47:088  DevID:MV-CA016-10UC(00D36741056)  Source-Line:libMvCameraControl.so(U3VDevice.cpp-L0854)  ProcessName:hikrobot_camera_node(36856)     Description:[RecordSdkVersion]CamCtrl[0x4080201], U3V SDKVersion[0x4080002], DriverVersion[0x0]
Error   2026-09-29 23:16:47:089  DevID:MV-CA016-10UC(00D36741056)  Source-Line:libMvCameraControl.so(U3VDevice.cpp-L1043)  ProcessName:hikrobot_camera_node(36856)     Description:[OpenDevice]Open device failed! PrivilegeMode[1], SwitchoverKey[0], Ret[0x80000203]
Info    2026-09-29 23:16:48:144  DevID:MV-CA016-10UC(00D36741056)  Source-Line:libMvCameraControl.so(U3VDevice.cpp-L0200)  ProcessName:hikrobot_camera_node(36856)     Description:[Init][U3V Info]Speed[0x300], DeviceAddress[0], VendorName[Hikvision], ManufacturerInfo[Hikvision], DeviceVersion[V1.4.8 181031 206647], UserID[]
Info    2026-09-29 23:16:48:144  DevID:MV-CA016-10UC(00D36741056)  Source-Line:libMvCameraControl.so(MediaProcess.cpp-L0880)  ProcessName:hikrobot_camera_node(36856)     Description:[SetBayerCvtQuality]Set Bayer CvtQuality success! BayerCvtQuality[1]
Info    2026-09-29 23:16:48:144  DevID:MV-CA016-10UC(00D36741056)  Source-Line:libMvCameraControl.so(MediaProcess.cpp-L1876)  ProcessName:hikrobot_camera_node(36856)     Description:[SetBayerThreadNum]Set Bayer Thread Num success! BayerThreadNum[4]
Info    2026-09-29 23:16:48:144  DevID:MV-CA016-10UC(00D36741056)  Source-Line:libMvCameraControl.so(MediaProcess.cpp-L0880)  ProcessName:hikrobot_camera_node(36856)     Description:[SetBayerCvtQuality]Set Bayer CvtQuality success! BayerCvtQuality[1]
Info    2026-09-29 23:16:48:144  DevID:MV-CA016-10UC(00D36741056)  Source-Line:libMvCameraControl.so(MediaProcess.cpp-L1876)  ProcessName:hikrobot_camera_node(36856)     Description:[SetBayerThreadNum]Set Bayer Thread Num success! BayerThreadNum[4]
Info    2026-09-29 23:16:48:144  DevID:MV-CA016-10UC(00D36741056)  Source-Line:libMvCameraControl.so(U3VDevice.cpp-L0854)  ProcessName:hikrobot_camera_node(36856)     Description:[RecordSdkVersion]CamCtrl[0x4080201], U3V SDKVersion[0x4080002], DriverVersion[0x0]
Error   2026-09-29 23:16:48:144  DevID:MV-CA016-10UC(00D36741056)  Source-Line:libMvCameraControl.so(U3VDevice.cpp-L1043)  ProcessName:hikrobot_camera_node(36856)     Description:[OpenDevice]Open device failed! PrivilegeMode[1], SwitchoverKey[0], Ret[0x80000203]
Info    2026-09-29 23:16:49:200  DevID:MV-CA016-10UC(00D36741056)  Source-Line:libMvCameraControl.so(U3VDevice.cpp-L0200)  ProcessName:hikrobot_camera_node(36856)     Description:[Init][U3V Info]Speed[0x300], DeviceAddress[0], VendorName[Hikvision], ManufacturerInfo[Hikvision], DeviceVersion[V1.4.8 181031 206647], UserID[]
Info    2026-09-29 23:16:49:200  DevID:MV-CA016-10UC(00D36741056)  Source-Line:libMvCameraControl.so(MediaProcess.cpp-L0880)  ProcessName:hikrobot_camera_node(36856)     Description:[SetBayerCvtQuality]Set Bayer CvtQuality success! BayerCvtQuality[1]
Info    2026-09-29 23:16:49:200  DevID:MV-CA016-10UC(00D36741056)  Source-Line:libMvCameraControl.so(MediaProcess.cpp-L1876)  ProcessName:hikrobot_camera_node(36856)     Description:[SetBayerThreadNum]Set Bayer Thread Num success! BayerThreadNum[4]
Info    2026-09-29 23:16:49:200  DevID:MV-CA016-10UC(00D36741056)  Source-Line:libMvCameraControl.so(MediaProcess.cpp-L0880)  ProcessName:hikrobot_camera_node(36856)     Description:[SetBayerCvtQuality]Set Bayer CvtQuality success! BayerCvtQuality[1]
Info    2026-09-29 23:16:49:200  DevID:MV-CA016-10UC(00D36741056)  Source-Line:libMvCameraControl.so(MediaProcess.cpp-L1876)  ProcessName:hikrobot_camera_node(36856)     Description:[SetBayerThreadNum]Set Bayer Thread Num success! BayerThreadNum[4]
Info    2026-09-29 23:16:49:200  DevID:MV-CA016-10UC(00D36741056)  Source-Line:libMvCameraControl.so(U3VDevice.cpp-L0854)  ProcessName:hikrobot_camera_node(36856)     Description:[RecordSdkVersion]CamCtrl[0x4080201], U3V SDKVersion[0x4080002], DriverVersion[0x0]
Error   2026-09-29 23:16:49:201  DevID:MV-CA016-10UC(00D36741056)  Source-Line:libMvCameraControl.so(U3VDevice.cpp-L1043)  ProcessName:hikrobot_camera_node(36856)     Description:[OpenDevice]Open device failed! PrivilegeMode[1], SwitchoverKey[0], Ret[0x80000203]
Info    2026-09-29 23:16:50:256  DevID:MV-CA016-10UC(00D36741056)  Source-Line:libMvCameraControl.so(U3VDevice.cpp-L0200)  ProcessName:hikrobot_camera_node(36856)     Description:[Init][U3V Info]Speed[0x300], DeviceAddress[0], VendorName[Hikvision], ManufacturerInfo[Hikvision], DeviceVersion[V1.4.8 181031 206647], UserID[]
Info    2026-09-29 23:16:50:256  DevID:MV-CA016-10UC(00D36741056)  Source-Line:libMvCameraControl.so(MediaProcess.cpp-L0880)  ProcessName:hikrobot_camera_node(36856)     Description:[SetBayerCvtQuality]Set Bayer CvtQuality success! BayerCvtQuality[1]
Info    2026-09-29 23:16:50:256  DevID:MV-CA016-10UC(00D36741056)  Source-Line:libMvCameraControl.so(MediaProcess.cpp-L1876)  ProcessName:hikrobot_camera_node(36856)     Description:[SetBayerThreadNum]Set Bayer Thread Num success! BayerThreadNum[4]
Info    2026-09-29 23:16:50:256  DevID:MV-CA016-10UC(00D36741056)  Source-Line:libMvCameraControl.so(MediaProcess.cpp-L0880)  ProcessName:hikrobot_camera_node(36856)     Description:[SetBayerCvtQuality]Set Bayer CvtQuality success! BayerCvtQuality[1]
Info    2026-09-29 23:16:50:256  DevID:MV-CA016-10UC(00D36741056)  Source-Line:libMvCameraControl.so(MediaProcess.cpp-L1876)  ProcessName:hikrobot_camera_node(36856)     Description:[SetBayerThreadNum]Set Bayer Thread Num success! BayerThreadNum[4]
Info    2026-09-29 23:16:50:256  DevID:MV-CA016-10UC(00D36741056)  Source-Line:libMvCameraControl.so(U3VDevice.cpp-L0854)  ProcessName:hikrobot_camera_node(36856)     Description:[RecordSdkVersion]CamCtrl[0x4080201], U3V SDKVersion[0x4080002], DriverVersion[0x0]
Error   2026-09-29 23:16:50:257  DevID:MV-CA016-10UC(00D36741056)  Source-Line:libMvCameraControl.so(U3VDevice.cpp-L1043)  ProcessName:hikrobot_camera_node(36856)     Description:[OpenDevice]Open device failed! PrivilegeMode[1], SwitchoverKey[0], Ret[0x80000203]
Info    2026-09-29 23:16:51:312  DevID:MV-CA016-10UC(00D36741056)  Source-Line:libMvCameraControl.so(U3VDevice.cpp-L0200)  ProcessName:hikrobot_camera_node(36856)     Description:[Init][U3V Info]Speed[0x300], DeviceAddress[0], VendorName[Hikvision], ManufacturerInfo[Hikvision], DeviceVersion[V1.4.8 181031 206647], UserID[]
Info    2026-09-29 23:16:51:312  DevID:MV-CA016-10UC(00D36741056)  Source-Line:libMvCameraControl.so(MediaProcess.cpp-L0880)  ProcessName:hikrobot_camera_node(36856)     Description:[SetBayerCvtQuality]Set Bayer CvtQuality success! BayerCvtQuality[1]
Info    2026-09-29 23:16:51:312  DevID:MV-CA016-10UC(00D36741056)  Source-Line:libMvCameraControl.so(MediaProcess.cpp-L1876)  ProcessName:hikrobot_camera_node(36856)     Description:[SetBayerThreadNum]Set Bayer Thread Num success! BayerThreadNum[4]
Info    2026-09-29 23:16:51:312  DevID:MV-CA016-10UC(00D36741056)  Source-Line:libMvCameraControl.so(MediaProcess.cpp-L0880)  ProcessName:hikrobot_camera_node(36856)     Description:[SetBayerCvtQuality]Set Bayer CvtQuality success! BayerCvtQuality[1]
Info    2026-09-29 23:16:51:312  DevID:MV-CA016-10UC(00D36741056)  Source-Line:libMvCameraControl.so(MediaProcess.cpp-L1876)  ProcessName:hikrobot_camera_node(36856)     Description:[SetBayerThreadNum]Set Bayer Thread Num success! BayerThreadNum[4]
Info    2026-09-29 23:16:51:312  DevID:MV-CA016-10UC(00D36741056)  Source-Line:libMvCameraControl.so(U3VDevice.cpp-L0854)  ProcessName:hikrobot_camera_node(36856)     Description:[RecordSdkVersion]CamCtrl[0x4080201], U3V SDKVersion[0x4080002], DriverVersion[0x0]
Error   2026-09-29 23:16:51:313  DevID:MV-CA016-10UC(00D36741056)  Source-Line:libMvCameraControl.so(U3VDevice.cpp-L1043)  ProcessName:hikrobot_camera_node(36856)     Description:[OpenDevice]Open device failed! PrivilegeMode[1], SwitchoverKey[0], Ret[0x80000203]
Info    2026-09-29 23:16:52:368  DevID:MV-CA016-10UC(00D36741056)  Source-Line:libMvCameraControl.so(U3VDevice.cpp-L0200)  ProcessName:hikrobot_camera_node(36856)     Description:[Init][U3V Info]Speed[0x300], DeviceAddress[0], VendorName[Hikvision], ManufacturerInfo[Hikvision], DeviceVersion[V1.4.8 181031 206647], UserID[]
Info    2026-09-29 23:16:52:368  DevID:MV-CA016-10UC(00D36741056)  Source-Line:libMvCameraControl.so(MediaProcess.cpp-L0880)  ProcessName:hikrobot_camera_node(36856)     Description:[SetBayerCvtQuality]Set Bayer CvtQuality success! BayerCvtQuality[1]
Info    2026-09-29 23:16:52:368  DevID:MV-CA016-10UC(00D36741056)  Source-Line:libMvCameraControl.so(MediaProcess.cpp-L1876)  ProcessName:hikrobot_camera_node(36856)     Description:[SetBayerThreadNum]Set Bayer Thread Num success! BayerThreadNum[4]
Info    2026-09-29 23:16:52:368  DevID:MV-CA016-10UC(00D36741056)  Source-Line:libMvCameraControl.so(MediaProcess.cpp-L0880)  ProcessName:hikrobot_camera_node(36856)     Description:[SetBayerCvtQuality]Set Bayer CvtQuality success! BayerCvtQuality[1]
Info    2026-09-29 23:16:52:368  DevID:MV-CA016-10UC(00D36741056)  Source-Line:libMvCameraControl.so(MediaProcess.cpp-L1876)  ProcessName:hikrobot_camera_node(36856)     Description:[SetBayerThreadNum]Set Bayer Thread Num success! BayerThreadNum[4]
Info    2026-09-29 23:16:52:368  DevID:MV-CA016-10UC(00D36741056)  Source-Line:libMvCameraControl.so(U3VDevice.cpp-L0854)  ProcessName:hikrobot_camera_node(36856)     Description:[RecordSdkVersion]CamCtrl[0x4080201], U3V SDKVersion[0x4080002], DriverVersion[0x0]
Error   2026-09-29 23:16:52:369  DevID:MV-CA016-10UC(00D36741056)  Source-Line:libMvCameraControl.so(U3VDevice.cpp-L1043)  ProcessName:hikrobot_camera_node(36856)     Description:[OpenDevice]Open device failed! PrivilegeMode[1], SwitchoverKey[0], Ret[0x80000203]
Info    2026-09-29 23:16:53:424  DevID:MV-CA016-10UC(00D36741056)  Source-Line:libMvCameraControl.so(U3VDevice.cpp-L0200)  ProcessName:hikrobot_camera_node(36856)     Description:[Init][U3V Info]Speed[0x300], DeviceAddress[0], VendorName[Hikvision], ManufacturerInfo[Hikvision], DeviceVersion[V1.4.8 181031 206647], UserID[]
Info    2026-09-29 23:16:53:424  DevID:MV-CA016-10UC(00D36741056)  Source-Line:libMvCameraControl.so(MediaProcess.cpp-L0880)  ProcessName:hikrobot_camera_node(36856)     Description:[SetBayerCvtQuality]Set Bayer CvtQuality success! BayerCvtQuality[1]
Info    2026-09-29 23:16:53:424  DevID:MV-CA016-10UC(00D36741056)  Source-Line:libMvCameraControl.so(MediaProcess.cpp-L1876)  ProcessName:hikrobot_camera_node(36856)     Description:[SetBayerThreadNum]Set Bayer Thread Num success! BayerThreadNum[4]
Info    2026-09-29 23:16:53:424  DevID:MV-CA016-10UC(00D36741056)  Source-Line:libMvCameraControl.so(MediaProcess.cpp-L0880)  ProcessName:hikrobot_camera_node(36856)     Description:[SetBayerCvtQuality]Set Bayer CvtQuality success! BayerCvtQuality[1]
Info    2026-09-29 23:16:53:424  DevID:MV-CA016-10UC(00D36741056)  Source-Line:libMvCameraControl.so(MediaProcess.cpp-L1876)  ProcessName:hikrobot_camera_node(36856)     Description:[SetBayerThreadNum]Set Bayer Thread Num success! BayerThreadNum[4]
Info    2026-09-29 23:16:53:424  DevID:MV-CA016-10UC(00D36741056)  Source-Line:libMvCameraControl.so(U3VDevice.cpp-L0854)  ProcessName:hikrobot_camera_node(36856)     Description:[RecordSdkVersion]CamCtrl[0x4080201], U3V SDKVersion[0x4080002], DriverVersion[0x0]
Error   2026-09-29 23:16:53:425  DevID:MV-CA016-10UC(00D36741056)  Source-Line:libMvCameraControl.so(U3VDevice.cpp-L1043)  ProcessName:hikrobot_camera_node(36856)     Description:[OpenDevice]Open device failed! PrivilegeMode[1], SwitchoverKey[0], Ret[0x80000203]
Info    2026-09-29 23:16:54:480  DevID:MV-CA016-10UC(00D36741056)  Source-Line:libMvCameraControl.so(U3VDevice.cpp-L0200)  ProcessName:hikrobot_camera_node(36856)     Description:[Init][U3V Info]Speed[0x300], DeviceAddress[0], VendorName[Hikvision], ManufacturerInfo[Hikvision], DeviceVersion[V1.4.8 181031 206647], UserID[]
Info    2026-09-29 23:16:54:480  DevID:MV-CA016-10UC(00D36741056)  Source-Line:libMvCameraControl.so(MediaProcess.cpp-L0880)  ProcessName:hikrobot_camera_node(36856)     Description:[SetBayerCvtQuality]Set Bayer CvtQuality success! BayerCvtQuality[1]
Info    2026-09-29 23:16:54:480  DevID:MV-CA016-10UC(00D36741056)  Source-Line:libMvCameraControl.so(MediaProcess.cpp-L1876)  ProcessName:hikrobot_camera_node(36856)     Description:[SetBayerThreadNum]Set Bayer Thread Num success! BayerThreadNum[4]
Info    2026-09-29 23:16:54:480  DevID:MV-CA016-10UC(00D36741056)  Source-Line:libMvCameraControl.so(MediaProcess.cpp-L0880)  ProcessName:hikrobot_camera_node(36856)     Description:[SetBayerCvtQuality]Set Bayer CvtQuality success! BayerCvtQuality[1]
Info    2026-09-29 23:16:54:480  DevID:MV-CA016-10UC(00D36741056)  Source-Line:libMvCameraControl.so(MediaProcess.cpp-L1876)  ProcessName:hikrobot_camera_node(36856)     Description:[SetBayerThreadNum]Set Bayer Thread Num success! BayerThreadNum[4]
Info    2026-09-29 23:16:54:480  DevID:MV-CA016-10UC(00D36741056)  Source-Line:libMvCameraControl.so(U3VDevice.cpp-L0854)  ProcessName:hikrobot_camera_node(36856)     Description:[RecordSdkVersion]CamCtrl[0x4080201], U3V SDKVersion[0x4080002], DriverVersion[0x0]
Error   2026-09-29 23:16:54:481  DevID:MV-CA016-10UC(00D36741056)  Source-Line:libMvCameraControl.so(U3VDevice.cpp-L1043)  ProcessName:hikrobot_camera_node(36856)     Description:[OpenDevice]Open device failed! PrivilegeMode[1], SwitchoverKey[0], Ret[0x80000203]
Info    2026-09-29 23:16:55:536  DevID:MV-CA016-10UC(00D36741056)  Source-Line:libMvCameraControl.so(U3VDevice.cpp-L0200)  ProcessName:hikrobot_camera_node(36856)     Description:[Init][U3V Info]Speed[0x300], DeviceAddress[0], VendorName[Hikvision], ManufacturerInfo[Hikvision], DeviceVersion[V1.4.8 181031 206647], UserID[]
Info    2026-09-29 23:16:55:536  DevID:MV-CA016-10UC(00D36741056)  Source-Line:libMvCameraControl.so(MediaProcess.cpp-L0880)  ProcessName:hikrobot_camera_node(36856)     Description:[SetBayerCvtQuality]Set Bayer CvtQuality success! BayerCvtQuality[1]
Info    2026-09-29 23:16:55:536  DevID:MV-CA016-10UC(00D36741056)  Source-Line:libMvCameraControl.so(MediaProcess.cpp-L1876)  ProcessName:hikrobot_camera_node(36856)     Description:[SetBayerThreadNum]Set Bayer Thread Num success! BayerThreadNum[4]
Info    2026-09-29 23:16:55:536  DevID:MV-CA016-10UC(00D36741056)  Source-Line:libMvCameraControl.so(MediaProcess.cpp-L0880)  ProcessName:hikrobot_camera_node(36856)     Description:[SetBayerCvtQuality]Set Bayer CvtQuality success! BayerCvtQuality[1]
Info    2026-09-29 23:16:55:536  DevID:MV-CA016-10UC(00D36741056)  Source-Line:libMvCameraControl.so(MediaProcess.cpp-L1876)  ProcessName:hikrobot_camera_node(36856)     Description:[SetBayerThreadNum]Set Bayer Thread Num success! BayerThreadNum[4]
Info    2026-09-29 23:16:55:536  DevID:MV-CA016-10UC(00D36741056)  Source-Line:libMvCameraControl.so(U3VDevice.cpp-L0854)  ProcessName:hikrobot_camera_node(36856)     Description:[RecordSdkVersion]CamCtrl[0x4080201], U3V SDKVersion[0x4080002], DriverVersion[0x0]
Error   2026-09-29 23:16:55:537  DevID:MV-CA016-10UC(00D36741056)  Source-Line:libMvCameraControl.so(U3VDevice.cpp-L1043)  ProcessName:hikrobot_camera_node(36856)     Description:[OpenDevice]Open device failed! PrivilegeMode[1], SwitchoverKey[0], Ret[0x80000203]
Info    2026-09-29 23:16:56:592  DevID:MV-CA016-10UC(00D36741056)  Source-Line:libMvCameraControl.so(U3VDevice.cpp-L0200)  ProcessName:hikrobot_camera_node(36856)     Description:[Init][U3V Info]Speed[0x300], DeviceAddress[0], VendorName[Hikvision], ManufacturerInfo[Hikvision], DeviceVersion[V1.4.8 181031 206647], UserID[]
Info    2026-09-29 23:16:56:592  DevID:MV-CA016-10UC(00D36741056)  Source-Line:libMvCameraControl.so(MediaProcess.cpp-L0880)  ProcessName:hikrobot_camera_node(36856)     Description:[SetBayerCvtQuality]Set Bayer CvtQuality success! BayerCvtQuality[1]
Info    2026-09-29 23:16:56:592  DevID:MV-CA016-10UC(00D36741056)  Source-Line:libMvCameraControl.so(MediaProcess.cpp-L1876)  ProcessName:hikrobot_camera_node(36856)     Description:[SetBayerThreadNum]Set Bayer Thread Num success! BayerThreadNum[4]
Info    2026-09-29 23:16:56:592  DevID:MV-CA016-10UC(00D36741056)  Source-Line:libMvCameraControl.so(MediaProcess.cpp-L0880)  ProcessName:hikrobot_camera_node(36856)     Description:[SetBayerCvtQuality]Set Bayer CvtQuality success! BayerCvtQuality[1]
Info    2026-09-29 23:16:56:592  DevID:MV-CA016-10UC(00D36741056)  Source-Line:libMvCameraControl.so(MediaProcess.cpp-L1876)  ProcessName:hikrobot_camera_node(36856)     Description:[SetBayerThreadNum]Set Bayer Thread Num success! BayerThreadNum[4]
Info    2026-09-29 23:16:56:592  DevID:MV-CA016-10UC(00D36741056)  Source-Line:libMvCameraControl.so(U3VDevice.cpp-L0854)  ProcessName:hikrobot_camera_node(36856)     Description:[RecordSdkVersion]CamCtrl[0x4080201], U3V SDKVersion[0x4080002], DriverVersion[0x0]
Error   2026-09-29 23:16:56:593  DevID:MV-CA016-10UC(00D36741056)  Source-Line:libMvCameraControl.so(U3VDevice.cpp-L1043)  ProcessName:hikrobot_camera_node(36856)     Description:[OpenDevice]Open device failed! PrivilegeMode[1], SwitchoverKey[0], Ret[0x80000203]
Info    2026-09-29 23:16:57:648  DevID:MV-CA016-10UC(00D36741056)  Source-Line:libMvCameraControl.so(U3VDevice.cpp-L0200)  ProcessName:hikrobot_camera_node(36856)     Description:[Init][U3V Info]Speed[0x300], DeviceAddress[0], VendorName[Hikvision], ManufacturerInfo[Hikvision], DeviceVersion[V1.4.8 181031 206647], UserID[]
Info    2026-09-29 23:16:57:648  DevID:MV-CA016-10UC(00D36741056)  Source-Line:libMvCameraControl.so(MediaProcess.cpp-L0880)  ProcessName:hikrobot_camera_node(36856)     Description:[SetBayerCvtQuality]Set Bayer CvtQuality success! BayerCvtQuality[1]
Info    2026-09-29 23:16:57:648  DevID:MV-CA016-10UC(00D36741056)  Source-Line:libMvCameraControl.so(MediaProcess.cpp-L1876)  ProcessName:hikrobot_camera_node(36856)     Description:[SetBayerThreadNum]Set Bayer Thread Num success! BayerThreadNum[4]
Info    2026-09-29 23:16:57:648  DevID:MV-CA016-10UC(00D36741056)  Source-Line:libMvCameraControl.so(MediaProcess.cpp-L0880)  ProcessName:hikrobot_camera_node(36856)     Description:[SetBayerCvtQuality]Set Bayer CvtQuality success! BayerCvtQuality[1]
Info    2026-09-29 23:16:57:648  DevID:MV-CA016-10UC(00D36741056)  Source-Line:libMvCameraControl.so(MediaProcess.cpp-L1876)  ProcessName:hikrobot_camera_node(36856)     Description:[SetBayerThreadNum]Set Bayer Thread Num success! BayerThreadNum[4]
Info    2026-09-29 23:16:57:648  DevID:MV-CA016-10UC(00D36741056)  Source-Line:libMvCameraControl.so(U3VDevice.cpp-L0854)  ProcessName:hikrobot_camera_node(36856)     Description:[RecordSdkVersion]CamCtrl[0x4080201], U3V SDKVersion[0x4080002], DriverVersion[0x0]
Error   2026-09-29 23:16:57:648  DevID:MV-CA016-10UC(00D36741056)  Source-Line:libMvCameraControl.so(U3VDevice.cpp-L1043)  ProcessName:hikrobot_camera_node(36856)     Description:[OpenDevice]Open device failed! PrivilegeMode[1], SwitchoverKey[0], Ret[0x80000203]
Info    2026-09-29 23:16:58:704  DevID:MV-CA016-10UC(00D36741056)  Source-Line:libMvCameraControl.so(U3VDevice.cpp-L0200)  ProcessName:hikrobot_camera_node(36856)     Description:[Init][U3V Info]Speed[0x300], DeviceAddress[0], VendorName[Hikvision], ManufacturerInfo[Hikvision], DeviceVersion[V1.4.8 181031 206647], UserID[]
Info    2026-09-29 23:16:58:704  DevID:MV-CA016-10UC(00D36741056)  Source-Line:libMvCameraControl.so(MediaProcess.cpp-L0880)  ProcessName:hikrobot_camera_node(36856)     Description:[SetBayerCvtQuality]Set Bayer CvtQuality success! BayerCvtQuality[1]
Info    2026-09-29 23:16:58:704  DevID:MV-CA016-10UC(00D36741056)  Source-Line:libMvCameraControl.so(MediaProcess.cpp-L1876)  ProcessName:hikrobot_camera_node(36856)     Description:[SetBayerThreadNum]Set Bayer Thread Num success! BayerThreadNum[4]
Info    2026-09-29 23:16:58:704  DevID:MV-CA016-10UC(00D36741056)  Source-Line:libMvCameraControl.so(MediaProcess.cpp-L0880)  ProcessName:hikrobot_camera_node(36856)     Description:[SetBayerCvtQuality]Set Bayer CvtQuality success! BayerCvtQuality[1]
Info    2026-09-29 23:16:58:704  DevID:MV-CA016-10UC(00D36741056)  Source-Line:libMvCameraControl.so(MediaProcess.cpp-L1876)  ProcessName:hikrobot_camera_node(36856)     Description:[SetBayerThreadNum]Set Bayer Thread Num success! BayerThreadNum[4]
Info    2026-09-29 23:16:58:704  DevID:MV-CA016-10UC(00D36741056)  Source-Line:libMvCameraControl.so(U3VDevice.cpp-L0854)  ProcessName:hikrobot_camera_node(36856)     Description:[RecordSdkVersion]CamCtrl[0x4080201], U3V SDKVersion[0x4080002], DriverVersion[0x0]
Error   2026-09-29 23:16:58:705  DevID:MV-CA016-10UC(00D36741056)  Source-Line:libMvCameraControl.so(U3VDevice.cpp-L1043)  ProcessName:hikrobot_camera_node(36856)     Description:[OpenDevice]Open device failed! PrivilegeMode[1], SwitchoverKey[0], Ret[0x80000203]
Info    2026-09-29 23:16:59:760  DevID:MV-CA016-10UC(00D36741056)  Source-Line:libMvCameraControl.so(U3VDevice.cpp-L0200)  ProcessName:hikrobot_camera_node(36856)     Description:[Init][U3V Info]Speed[0x300], DeviceAddress[0], VendorName[Hikvision], ManufacturerInfo[Hikvision], DeviceVersion[V1.4.8 181031 206647], UserID[]
Info    2026-09-29 23:16:59:760  DevID:MV-CA016-10UC(00D36741056)  Source-Line:libMvCameraControl.so(MediaProcess.cpp-L0880)  ProcessName:hikrobot_camera_node(36856)     Description:[SetBayerCvtQuality]Set Bayer CvtQuality success! BayerCvtQuality[1]
Info    2026-09-29 23:16:59:760  DevID:MV-CA016-10UC(00D36741056)  Source-Line:libMvCameraControl.so(MediaProcess.cpp-L1876)  ProcessName:hikrobot_camera_node(36856)     Description:[SetBayerThreadNum]Set Bayer Thread Num success! BayerThreadNum[4]
Info    2026-09-29 23:16:59:760  DevID:MV-CA016-10UC(00D36741056)  Source-Line:libMvCameraControl.so(MediaProcess.cpp-L0880)  ProcessName:hikrobot_camera_node(36856)     Description:[SetBayerCvtQuality]Set Bayer CvtQuality success! BayerCvtQuality[1]
Info    2026-09-29 23:16:59:760  DevID:MV-CA016-10UC(00D36741056)  Source-Line:libMvCameraControl.so(MediaProcess.cpp-L1876)  ProcessName:hikrobot_camera_node(36856)     Description:[SetBayerThreadNum]Set Bayer Thread Num success! BayerThreadNum[4]
Info    2026-09-29 23:16:59:760  DevID:MV-CA016-10UC(00D36741056)  Source-Line:libMvCameraControl.so(U3VDevice.cpp-L0854)  ProcessName:hikrobot_camera_node(36856)     Description:[RecordSdkVersion]CamCtrl[0x4080201], U3V SDKVersion[0x4080002], DriverVersion[0x0]
Error   2026-09-29 23:16:59:762  DevID:MV-CA016-10UC(00D36741056)  Source-Line:libMvCameraControl.so(U3VDevice.cpp-L1043)  ProcessName:hikrobot_camera_node(36856)     Description:[OpenDevice]Open device failed! PrivilegeMode[1], SwitchoverKey[0], Ret[0x80000203]
Info    2026-09-29 23:17:00:816  DevID:MV-CA016-10UC(00D36741056)  Source-Line:libMvCameraControl.so(U3VDevice.cpp-L0200)  ProcessName:hikrobot_camera_node(36856)     Description:[Init][U3V Info]Speed[0x300], DeviceAddress[0], VendorName[Hikvision], ManufacturerInfo[Hikvision], DeviceVersion[V1.4.8 181031 206647], UserID[]
Info    2026-09-29 23:17:00:816  DevID:MV-CA016-10UC(00D36741056)  Source-Line:libMvCameraControl.so(MediaProcess.cpp-L0880)  ProcessName:hikrobot_camera_node(36856)     Description:[SetBayerCvtQuality]Set Bayer CvtQuality success! BayerCvtQuality[1]
Info    2026-09-29 23:17:00:816  DevID:MV-CA016-10UC(00D36741056)  Source-Line:libMvCameraControl.so(MediaProcess.cpp-L1876)  ProcessName:hikrobot_camera_node(36856)     Description:[SetBayerThreadNum]Set Bayer Thread Num success! BayerThreadNum[4]
Info    2026-09-29 23:17:00:816  DevID:MV-CA016-10UC(00D36741056)  Source-Line:libMvCameraControl.so(MediaProcess.cpp-L0880)  ProcessName:hikrobot_camera_node(36856)     Description:[SetBayerCvtQuality]Set Bayer CvtQuality success! BayerCvtQuality[1]
Info    2026-09-29 23:17:00:816  DevID:MV-CA016-10UC(00D36741056)  Source-Line:libMvCameraControl.so(MediaProcess.cpp-L1876)  ProcessName:hikrobot_camera_node(36856)     Description:[SetBayerThreadNum]Set Bayer Thread Num success! BayerThreadNum[4]
Info    2026-09-29 23:17:00:816  DevID:MV-CA016-10UC(00D36741056)  Source-Line:libMvCameraControl.so(U3VDevice.cpp-L0854)  ProcessName:hikrobot_camera_node(36856)     Description:[RecordSdkVersion]CamCtrl[0x4080201], U3V SDKVersion[0x4080002], DriverVersion[0x0]
Error   2026-09-29 23:17:00:817  DevID:MV-CA016-10UC(00D36741056)  Source-Line:libMvCameraControl.so(U3VDevice.cpp-L1043)  ProcessName:hikrobot_camera_node(36856)     Description:[OpenDevice]Open device failed! PrivilegeMode[1], SwitchoverKey[0], Ret[0x80000203]
Info    2026-09-29 23:17:01:872  DevID:MV-CA016-10UC(00D36741056)  Source-Line:libMvCameraControl.so(U3VDevice.cpp-L0200)  ProcessName:hikrobot_camera_node(36856)     Description:[Init][U3V Info]Speed[0x300], DeviceAddress[0], VendorName[Hikvision], ManufacturerInfo[Hikvision], DeviceVersion[V1.4.8 181031 206647], UserID[]
Info    2026-09-29 23:17:01:872  DevID:MV-CA016-10UC(00D36741056)  Source-Line:libMvCameraControl.so(MediaProcess.cpp-L0880)  ProcessName:hikrobot_camera_node(36856)     Description:[SetBayerCvtQuality]Set Bayer CvtQuality success! BayerCvtQuality[1]
Info    2026-09-29 23:17:01:872  DevID:MV-CA016-10UC(00D36741056)  Source-Line:libMvCameraControl.so(MediaProcess.cpp-L1876)  ProcessName:hikrobot_camera_node(36856)     Description:[SetBayerThreadNum]Set Bayer Thread Num success! BayerThreadNum[4]
Info    2026-09-29 23:17:01:872  DevID:MV-CA016-10UC(00D36741056)  Source-Line:libMvCameraControl.so(MediaProcess.cpp-L0880)  ProcessName:hikrobot_camera_node(36856)     Description:[SetBayerCvtQuality]Set Bayer CvtQuality success! BayerCvtQuality[1]
Info    2026-09-29 23:17:01:872  DevID:MV-CA016-10UC(00D36741056)  Source-Line:libMvCameraControl.so(MediaProcess.cpp-L1876)  ProcessName:hikrobot_camera_node(36856)     Description:[SetBayerThreadNum]Set Bayer Thread Num success! BayerThreadNum[4]
Info    2026-09-29 23:17:01:872  DevID:MV-CA016-10UC(00D36741056)  Source-Line:libMvCameraControl.so(U3VDevice.cpp-L0854)  ProcessName:hikrobot_camera_node(36856)     Description:[RecordSdkVersion]CamCtrl[0x4080201], U3V SDKVersion[0x4080002], DriverVersion[0x0]
Error   2026-09-29 23:17:01:873  DevID:MV-CA016-10UC(00D36741056)  Source-Line:libMvCameraControl.so(U3VDevice.cpp-L1043)  ProcessName:hikrobot_camera_node(36856)     Description:[OpenDevice]Open device failed! PrivilegeMode[1], SwitchoverKey[0], Ret[0x80000203]
Info    2026-09-29 23:17:02:928  DevID:MV-CA016-10UC(00D36741056)  Source-Line:libMvCameraControl.so(U3VDevice.cpp-L0200)  ProcessName:hikrobot_camera_node(36856)     Description:[Init][U3V Info]Speed[0x300], DeviceAddress[0], VendorName[Hikvision], ManufacturerInfo[Hikvision], DeviceVersion[V1.4.8 181031 206647], UserID[]
Info    2026-09-29 23:17:02:928  DevID:MV-CA016-10UC(00D36741056)  Source-Line:libMvCameraControl.so(MediaProcess.cpp-L0880)  ProcessName:hikrobot_camera_node(36856)     Description:[SetBayerCvtQuality]Set Bayer CvtQuality success! BayerCvtQuality[1]
Info    2026-09-29 23:17:02:928  DevID:MV-CA016-10UC(00D36741056)  Source-Line:libMvCameraControl.so(MediaProcess.cpp-L1876)  ProcessName:hikrobot_camera_node(36856)     Description:[SetBayerThreadNum]Set Bayer Thread Num success! BayerThreadNum[4]
Info    2026-09-29 23:17:02:928  DevID:MV-CA016-10UC(00D36741056)  Source-Line:libMvCameraControl.so(MediaProcess.cpp-L0880)  ProcessName:hikrobot_camera_node(36856)     Description:[SetBayerCvtQuality]Set Bayer CvtQuality success! BayerCvtQuality[1]
Info    2026-09-29 23:17:02:928  DevID:MV-CA016-10UC(00D36741056)  Source-Line:libMvCameraControl.so(MediaProcess.cpp-L1876)  ProcessName:hikrobot_camera_node(36856)     Description:[SetBayerThreadNum]Set Bayer Thread Num success! BayerThreadNum[4]
Info    2026-09-29 23:17:02:928  DevID:MV-CA016-10UC(00D36741056)  Source-Line:libMvCameraControl.so(U3VDevice.cpp-L0854)  ProcessName:hikrobot_camera_node(36856)     Description:[RecordSdkVersion]CamCtrl[0x4080201], U3V SDKVersion[0x4080002], DriverVersion[0x0]
Error   2026-09-29 23:17:02:929  DevID:MV-CA016-10UC(00D36741056)  Source-Line:libMvCameraControl.so(U3VDevice.cpp-L1043)  ProcessName:hikrobot_camera_node(36856)     Description:[OpenDevice]Open device failed! PrivilegeMode[1], SwitchoverKey[0], Ret[0x80000203]
Info    2026-09-29 23:17:03:984  DevID:MV-CA016-10UC(00D36741056)  Source-Line:libMvCameraControl.so(U3VDevice.cpp-L0200)  ProcessName:hikrobot_camera_node(36856)     Description:[Init][U3V Info]Speed[0x300], DeviceAddress[0], VendorName[Hikvision], ManufacturerInfo[Hikvision], DeviceVersion[V1.4.8 181031 206647], UserID[]
Info    2026-09-29 23:17:03:984  DevID:MV-CA016-10UC(00D36741056)  Source-Line:libMvCameraControl.so(MediaProcess.cpp-L0880)  ProcessName:hikrobot_camera_node(36856)     Description:[SetBayerCvtQuality]Set Bayer CvtQuality success! BayerCvtQuality[1]
Info    2026-09-29 23:17:03:984  DevID:MV-CA016-10UC(00D36741056)  Source-Line:libMvCameraControl.so(MediaProcess.cpp-L1876)  ProcessName:hikrobot_camera_node(36856)     Description:[SetBayerThreadNum]Set Bayer Thread Num success! BayerThreadNum[4]
Info    2026-09-29 23:17:03:984  DevID:MV-CA016-10UC(00D36741056)  Source-Line:libMvCameraControl.so(MediaProcess.cpp-L0880)  ProcessName:hikrobot_camera_node(36856)     Description:[SetBayerCvtQuality]Set Bayer CvtQuality success! BayerCvtQuality[1]
Info    2026-09-29 23:17:03:984  DevID:MV-CA016-10UC(00D36741056)  Source-Line:libMvCameraControl.so(MediaProcess.cpp-L1876)  ProcessName:hikrobot_camera_node(36856)     Description:[SetBayerThreadNum]Set Bayer Thread Num success! BayerThreadNum[4]
Info    2026-09-29 23:17:03:984  DevID:MV-CA016-10UC(00D36741056)  Source-Line:libMvCameraControl.so(U3VDevice.cpp-L0854)  ProcessName:hikrobot_camera_node(36856)     Description:[RecordSdkVersion]CamCtrl[0x4080201], U3V SDKVersion[0x4080002], DriverVersion[0x0]
Error   2026-09-29 23:17:03:985  DevID:MV-CA016-10UC(00D36741056)  Source-Line:libMvCameraControl.so(U3VDevice.cpp-L1043)  ProcessName:hikrobot_camera_node(36856)     Description:[OpenDevice]Open device failed! PrivilegeMode[1], SwitchoverKey[0], Ret[0x80000203]
Info    2026-09-29 23:17:05:040  DevID:MV-CA016-10UC(00D36741056)  Source-Line:libMvCameraControl.so(U3VDevice.cpp-L0200)  ProcessName:hikrobot_camera_node(36856)     Description:[Init][U3V Info]Speed[0x300], DeviceAddress[0], VendorName[Hikvision], ManufacturerInfo[Hikvision], DeviceVersion[V1.4.8 181031 206647], UserID[]
Info    2026-09-29 23:17:05:040  DevID:MV-CA016-10UC(00D36741056)  Source-Line:libMvCameraControl.so(MediaProcess.cpp-L0880)  ProcessName:hikrobot_camera_node(36856)     Description:[SetBayerCvtQuality]Set Bayer CvtQuality success! BayerCvtQuality[1]
Info    2026-09-29 23:17:05:040  DevID:MV-CA016-10UC(00D36741056)  Source-Line:libMvCameraControl.so(MediaProcess.cpp-L1876)  ProcessName:hikrobot_camera_node(36856)     Description:[SetBayerThreadNum]Set Bayer Thread Num success! BayerThreadNum[4]
Info    2026-09-29 23:17:05:040  DevID:MV-CA016-10UC(00D36741056)  Source-Line:libMvCameraControl.so(MediaProcess.cpp-L0880)  ProcessName:hikrobot_camera_node(36856)     Description:[SetBayerCvtQuality]Set Bayer CvtQuality success! BayerCvtQuality[1]
Info    2026-09-29 23:17:05:040  DevID:MV-CA016-10UC(00D36741056)  Source-Line:libMvCameraControl.so(MediaProcess.cpp-L1876)  ProcessName:hikrobot_camera_node(36856)     Description:[SetBayerThreadNum]Set Bayer Thread Num success! BayerThreadNum[4]
Info    2026-09-29 23:17:05:040  DevID:MV-CA016-10UC(00D36741056)  Source-Line:libMvCameraControl.so(U3VDevice.cpp-L0854)  ProcessName:hikrobot_camera_node(36856)     Description:[RecordSdkVersion]CamCtrl[0x4080201], U3V SDKVersion[0x4080002], DriverVersion[0x0]
Error   2026-09-29 23:17:05:041  DevID:MV-CA016-10UC(00D36741056)  Source-Line:libMvCameraControl.so(U3VDevice.cpp-L1043)  ProcessName:hikrobot_camera_node(36856)     Description:[OpenDevice]Open device failed! PrivilegeMode[1], SwitchoverKey[0], Ret[0x80000203]
Info    2026-09-29 23:17:06:096  DevID:MV-CA016-10UC(00D36741056)  Source-Line:libMvCameraControl.so(U3VDevice.cpp-L0200)  ProcessName:hikrobot_camera_node(36856)     Description:[Init][U3V Info]Speed[0x300], DeviceAddress[0], VendorName[Hikvision], ManufacturerInfo[Hikvision], DeviceVersion[V1.4.8 181031 206647], UserID[]
Info    2026-09-29 23:17:06:096  DevID:MV-CA016-10UC(00D36741056)  Source-Line:libMvCameraControl.so(MediaProcess.cpp-L0880)  ProcessName:hikrobot_camera_node(36856)     Description:[SetBayerCvtQuality]Set Bayer CvtQuality success! BayerCvtQuality[1]
Info    2026-09-29 23:17:06:096  DevID:MV-CA016-10UC(00D36741056)  Source-Line:libMvCameraControl.so(MediaProcess.cpp-L1876)  ProcessName:hikrobot_camera_node(36856)     Description:[SetBayerThreadNum]Set Bayer Thread Num success! BayerThreadNum[4]
Info    2026-09-29 23:17:06:096  DevID:MV-CA016-10UC(00D36741056)  Source-Line:libMvCameraControl.so(MediaProcess.cpp-L0880)  ProcessName:hikrobot_camera_node(36856)     Description:[SetBayerCvtQuality]Set Bayer CvtQuality success! BayerCvtQuality[1]
Info    2026-09-29 23:17:06:096  DevID:MV-CA016-10UC(00D36741056)  Source-Line:libMvCameraControl.so(MediaProcess.cpp-L1876)  ProcessName:hikrobot_camera_node(36856)     Description:[SetBayerThreadNum]Set Bayer Thread Num success! BayerThreadNum[4]
Info    2026-09-29 23:17:06:096  DevID:MV-CA016-10UC(00D36741056)  Source-Line:libMvCameraControl.so(U3VDevice.cpp-L0854)  ProcessName:hikrobot_camera_node(36856)     Description:[RecordSdkVersion]CamCtrl[0x4080201], U3V SDKVersion[0x4080002], DriverVersion[0x0]
Error   2026-09-29 23:17:06:097  DevID:MV-CA016-10UC(00D36741056)  Source-Line:libMvCameraControl.so(U3VDevice.cpp-L1043)  ProcessName:hikrobot_camera_node(36856)     Description:[OpenDevice]Open device failed! PrivilegeMode[1], SwitchoverKey[0], Ret[0x80000203]
Info    2026-09-29 23:17:07:152  DevID:MV-CA016-10UC(00D36741056)  Source-Line:libMvCameraControl.so(U3VDevice.cpp-L0200)  ProcessName:hikrobot_camera_node(36856)     Description:[Init][U3V Info]Speed[0x300], DeviceAddress[0], VendorName[Hikvision], ManufacturerInfo[Hikvision], DeviceVersion[V1.4.8 181031 206647], UserID[]
Info    2026-09-29 23:17:07:152  DevID:MV-CA016-10UC(00D36741056)  Source-Line:libMvCameraControl.so(MediaProcess.cpp-L0880)  ProcessName:hikrobot_camera_node(36856)     Description:[SetBayerCvtQuality]Set Bayer CvtQuality success! BayerCvtQuality[1]
Info    2026-09-29 23:17:07:152  DevID:MV-CA016-10UC(00D36741056)  Source-Line:libMvCameraControl.so(MediaProcess.cpp-L1876)  ProcessName:hikrobot_camera_node(36856)     Description:[SetBayerThreadNum]Set Bayer Thread Num success! BayerThreadNum[4]
Info    2026-09-29 23:17:07:152  DevID:MV-CA016-10UC(00D36741056)  Source-Line:libMvCameraControl.so(MediaProcess.cpp-L0880)  ProcessName:hikrobot_camera_node(36856)     Description:[SetBayerCvtQuality]Set Bayer CvtQuality success! BayerCvtQuality[1]
Info    2026-09-29 23:17:07:152  DevID:MV-CA016-10UC(00D36741056)  Source-Line:libMvCameraControl.so(MediaProcess.cpp-L1876)  ProcessName:hikrobot_camera_node(36856)     Description:[SetBayerThreadNum]Set Bayer Thread Num success! BayerThreadNum[4]
Info    2026-09-29 23:17:07:152  DevID:MV-CA016-10UC(00D36741056)  Source-Line:libMvCameraControl.so(U3VDevice.cpp-L0854)  ProcessName:hikrobot_camera_node(36856)     Description:[RecordSdkVersion]CamCtrl[0x4080201], U3V SDKVersion[0x4080002], DriverVersion[0x0]
Error   2026-09-29 23:17:07:154  DevID:MV-CA016-10UC(00D36741056)  Source-Line:libMvCameraControl.so(U3VDevice.cpp-L1043)  ProcessName:hikrobot_camera_node(36856)     Description:[OpenDevice]Open device failed! PrivilegeMode[1], SwitchoverKey[0], Ret[0x80000203]
Info    2026-09-29 23:17:08:208  DevID:MV-CA016-10UC(00D36741056)  Source-Line:libMvCameraControl.so(U3VDevice.cpp-L0200)  ProcessName:hikrobot_camera_node(36856)     Description:[Init][U3V Info]Speed[0x300], DeviceAddress[0], VendorName[Hikvision], ManufacturerInfo[Hikvision], DeviceVersion[V1.4.8 181031 206647], UserID[]
Info    2026-09-29 23:17:08:208  DevID:MV-CA016-10UC(00D36741056)  Source-Line:libMvCameraControl.so(MediaProcess.cpp-L0880)  ProcessName:hikrobot_camera_node(36856)     Description:[SetBayerCvtQuality]Set Bayer CvtQuality success! BayerCvtQuality[1]
Info    2026-09-29 23:17:08:208  DevID:MV-CA016-10UC(00D36741056)  Source-Line:libMvCameraControl.so(MediaProcess.cpp-L1876)  ProcessName:hikrobot_camera_node(36856)     Description:[SetBayerThreadNum]Set Bayer Thread Num success! BayerThreadNum[4]
Info    2026-09-29 23:17:08:208  DevID:MV-CA016-10UC(00D36741056)  Source-Line:libMvCameraControl.so(MediaProcess.cpp-L0880)  ProcessName:hikrobot_camera_node(36856)     Description:[SetBayerCvtQuality]Set Bayer CvtQuality success! BayerCvtQuality[1]
Info    2026-09-29 23:17:08:208  DevID:MV-CA016-10UC(00D36741056)  Source-Line:libMvCameraControl.so(MediaProcess.cpp-L1876)  ProcessName:hikrobot_camera_node(36856)     Description:[SetBayerThreadNum]Set Bayer Thread Num success! BayerThreadNum[4]
Info    2026-09-29 23:17:08:208  DevID:MV-CA016-10UC(00D36741056)  Source-Line:libMvCameraControl.so(U3VDevice.cpp-L0854)  ProcessName:hikrobot_camera_node(36856)     Description:[RecordSdkVersion]CamCtrl[0x4080201], U3V SDKVersion[0x4080002], DriverVersion[0x0]
Error   2026-09-29 23:17:08:210  DevID:MV-CA016-10UC(00D36741056)  Source-Line:libMvCameraControl.so(U3VDevice.cpp-L1043)  ProcessName:hikrobot_camera_node(36856)     Description:[OpenDevice]Open device failed! PrivilegeMode[1], SwitchoverKey[0], Ret[0x80000203]
Info    2026-09-29 23:17:09:265  DevID:MV-CA016-10UC(00D36741056)  Source-Line:libMvCameraControl.so(U3VDevice.cpp-L0200)  ProcessName:hikrobot_camera_node(36856)     Description:[Init][U3V Info]Speed[0x300], DeviceAddress[0], VendorName[Hikvision], ManufacturerInfo[Hikvision], DeviceVersion[V1.4.8 181031 206647], UserID[]
Info    2026-09-29 23:17:09:265  DevID:MV-CA016-10UC(00D36741056)  Source-Line:libMvCameraControl.so(MediaProcess.cpp-L0880)  ProcessName:hikrobot_camera_node(36856)     Description:[SetBayerCvtQuality]Set Bayer CvtQuality success! BayerCvtQuality[1]
Info    2026-09-29 23:17:09:265  DevID:MV-CA016-10UC(00D36741056)  Source-Line:libMvCameraControl.so(MediaProcess.cpp-L1876)  ProcessName:hikrobot_camera_node(36856)     Description:[SetBayerThreadNum]Set Bayer Thread Num success! BayerThreadNum[4]
Info    2026-09-29 23:17:09:265  DevID:MV-CA016-10UC(00D36741056)  Source-Line:libMvCameraControl.so(MediaProcess.cpp-L0880)  ProcessName:hikrobot_camera_node(36856)     Description:[SetBayerCvtQuality]Set Bayer CvtQuality success! BayerCvtQuality[1]
Info    2026-09-29 23:17:09:265  DevID:MV-CA016-10UC(00D36741056)  Source-Line:libMvCameraControl.so(MediaProcess.cpp-L1876)  ProcessName:hikrobot_camera_node(36856)     Description:[SetBayerThreadNum]Set Bayer Thread Num success! BayerThreadNum[4]
Info    2026-09-29 23:17:09:265  DevID:MV-CA016-10UC(00D36741056)  Source-Line:libMvCameraControl.so(U3VDevice.cpp-L0854)  ProcessName:hikrobot_camera_node(36856)     Description:[RecordSdkVersion]CamCtrl[0x4080201], U3V SDKVersion[0x4080002], DriverVersion[0x0]
Error   2026-09-29 23:17:09:266  DevID:MV-CA016-10UC(00D36741056)  Source-Line:libMvCameraControl.so(U3VDevice.cpp-L1043)  ProcessName:hikrobot_camera_node(36856)     Description:[OpenDevice]Open device failed! PrivilegeMode[1], SwitchoverKey[0], Ret[0x80000203]
Info    2026-09-29 23:17:10:321  DevID:MV-CA016-10UC(00D36741056)  Source-Line:libMvCameraControl.so(U3VDevice.cpp-L0200)  ProcessName:hikrobot_camera_node(36856)     Description:[Init][U3V Info]Speed[0x300], DeviceAddress[0], VendorName[Hikvision], ManufacturerInfo[Hikvision], DeviceVersion[V1.4.8 181031 206647], UserID[]
Info    2026-09-29 23:17:10:321  DevID:MV-CA016-10UC(00D36741056)  Source-Line:libMvCameraControl.so(MediaProcess.cpp-L0880)  ProcessName:hikrobot_camera_node(36856)     Description:[SetBayerCvtQuality]Set Bayer CvtQuality success! BayerCvtQuality[1]
Info    2026-09-29 23:17:10:321  DevID:MV-CA016-10UC(00D36741056)  Source-Line:libMvCameraControl.so(MediaProcess.cpp-L1876)  ProcessName:hikrobot_camera_node(36856)     Description:[SetBayerThreadNum]Set Bayer Thread Num success! BayerThreadNum[4]
Info    2026-09-29 23:17:10:321  DevID:MV-CA016-10UC(00D36741056)  Source-Line:libMvCameraControl.so(MediaProcess.cpp-L0880)  ProcessName:hikrobot_camera_node(36856)     Description:[SetBayerCvtQuality]Set Bayer CvtQuality success! BayerCvtQuality[1]
Info    2026-09-29 23:17:10:321  DevID:MV-CA016-10UC(00D36741056)  Source-Line:libMvCameraControl.so(MediaProcess.cpp-L1876)  ProcessName:hikrobot_camera_node(36856)     Description:[SetBayerThreadNum]Set Bayer Thread Num success! BayerThreadNum[4]
Info    2026-09-29 23:17:10:321  DevID:MV-CA016-10UC(00D36741056)  Source-Line:libMvCameraControl.so(U3VDevice.cpp-L0854)  ProcessName:hikrobot_camera_node(36856)     Description:[RecordSdkVersion]CamCtrl[0x4080201], U3V SDKVersion[0x4080002], DriverVersion[0x0]
Error   2026-09-29 23:17:10:322  DevID:MV-CA016-10UC(00D36741056)  Source-Line:libMvCameraControl.so(U3VDevice.cpp-L1043)  ProcessName:hikrobot_camera_node(36856)     Description:[OpenDevice]Open device failed! PrivilegeMode[1], SwitchoverKey[0], Ret[0x80000203]
Info    2026-09-29 23:17:11:376  DevID:MV-CA016-10UC(00D36741056)  Source-Line:libMvCameraControl.so(U3VDevice.cpp-L0200)  ProcessName:hikrobot_camera_node(36856)     Description:[Init][U3V Info]Speed[0x300], DeviceAddress[0], VendorName[Hikvision], ManufacturerInfo[Hikvision], DeviceVersion[V1.4.8 181031 206647], UserID[]
Info    2026-09-29 23:17:11:376  DevID:MV-CA016-10UC(00D36741056)  Source-Line:libMvCameraControl.so(MediaProcess.cpp-L0880)  ProcessName:hikrobot_camera_node(36856)     Description:[SetBayerCvtQuality]Set Bayer CvtQuality success! BayerCvtQuality[1]
Info    2026-09-29 23:17:11:377  DevID:MV-CA016-10UC(00D36741056)  Source-Line:libMvCameraControl.so(MediaProcess.cpp-L1876)  ProcessName:hikrobot_camera_node(36856)     Description:[SetBayerThreadNum]Set Bayer Thread Num success! BayerThreadNum[4]
Info    2026-09-29 23:17:11:377  DevID:MV-CA016-10UC(00D36741056)  Source-Line:libMvCameraControl.so(MediaProcess.cpp-L0880)  ProcessName:hikrobot_camera_node(36856)     Description:[SetBayerCvtQuality]Set Bayer CvtQuality success! BayerCvtQuality[1]
Info    2026-09-29 23:17:11:377  DevID:MV-CA016-10UC(00D36741056)  Source-Line:libMvCameraControl.so(MediaProcess.cpp-L1876)  ProcessName:hikrobot_camera_node(36856)     Description:[SetBayerThreadNum]Set Bayer Thread Num success! BayerThreadNum[4]
Info    2026-09-29 23:17:11:377  DevID:MV-CA016-10UC(00D36741056)  Source-Line:libMvCameraControl.so(U3VDevice.cpp-L0854)  ProcessName:hikrobot_camera_node(36856)     Description:[RecordSdkVersion]CamCtrl[0x4080201], U3V SDKVersion[0x4080002], DriverVersion[0x0]
Error   2026-09-29 23:17:11:378  DevID:MV-CA016-10UC(00D36741056)  Source-Line:libMvCameraControl.so(U3VDevice.cpp-L1043)  ProcessName:hikrobot_camera_node(36856)     Description:[OpenDevice]Open device failed! PrivilegeMode[1], SwitchoverKey[0], Ret[0x80000203]
Info    2026-09-29 23:17:12:432  DevID:MV-CA016-10UC(00D36741056)  Source-Line:libMvCameraControl.so(U3VDevice.cpp-L0200)  ProcessName:hikrobot_camera_node(36856)     Description:[Init][U3V Info]Speed[0x300], DeviceAddress[0], VendorName[Hikvision], ManufacturerInfo[Hikvision], DeviceVersion[V1.4.8 181031 206647], UserID[]
Info    2026-09-29 23:17:12:433  DevID:MV-CA016-10UC(00D36741056)  Source-Line:libMvCameraControl.so(MediaProcess.cpp-L0880)  ProcessName:hikrobot_camera_node(36856)     Description:[SetBayerCvtQuality]Set Bayer CvtQuality success! BayerCvtQuality[1]
Info    2026-09-29 23:17:12:433  DevID:MV-CA016-10UC(00D36741056)  Source-Line:libMvCameraControl.so(MediaProcess.cpp-L1876)  ProcessName:hikrobot_camera_node(36856)     Description:[SetBayerThreadNum]Set Bayer Thread Num success! BayerThreadNum[4]
Info    2026-09-29 23:17:12:433  DevID:MV-CA016-10UC(00D36741056)  Source-Line:libMvCameraControl.so(MediaProcess.cpp-L0880)  ProcessName:hikrobot_camera_node(36856)     Description:[SetBayerCvtQuality]Set Bayer CvtQuality success! BayerCvtQuality[1]
Info    2026-09-29 23:17:12:433  DevID:MV-CA016-10UC(00D36741056)  Source-Line:libMvCameraControl.so(MediaProcess.cpp-L1876)  ProcessName:hikrobot_camera_node(36856)     Description:[SetBayerThreadNum]Set Bayer Thread Num success! BayerThreadNum[4]
Info    2026-09-29 23:17:12:433  DevID:MV-CA016-10UC(00D36741056)  Source-Line:libMvCameraControl.so(U3VDevice.cpp-L0854)  ProcessName:hikrobot_camera_node(36856)     Description:[RecordSdkVersion]CamCtrl[0x4080201], U3V SDKVersion[0x4080002], DriverVersion[0x0]
Error   2026-09-29 23:17:12:434  DevID:MV-CA016-10UC(00D36741056)  Source-Line:libMvCameraControl.so(U3VDevice.cpp-L1043)  ProcessName:hikrobot_camera_node(36856)     Description:[OpenDevice]Open device failed! PrivilegeMode[1], SwitchoverKey[0], Ret[0x80000203]
Info    2026-09-29 23:17:13:488  DevID:MV-CA016-10UC(00D36741056)  Source-Line:libMvCameraControl.so(U3VDevice.cpp-L0200)  ProcessName:hikrobot_camera_node(36856)     Description:[Init][U3V Info]Speed[0x300], DeviceAddress[0], VendorName[Hikvision], ManufacturerInfo[Hikvision], DeviceVersion[V1.4.8 181031 206647], UserID[]
Info    2026-09-29 23:17:13:488  DevID:MV-CA016-10UC(00D36741056)  Source-Line:libMvCameraControl.so(MediaProcess.cpp-L0880)  ProcessName:hikrobot_camera_node(36856)     Description:[SetBayerCvtQuality]Set Bayer CvtQuality success! BayerCvtQuality[1]
Info    2026-09-29 23:17:13:488  DevID:MV-CA016-10UC(00D36741056)  Source-Line:libMvCameraControl.so(MediaProcess.cpp-L1876)  ProcessName:hikrobot_camera_node(36856)     Description:[SetBayerThreadNum]Set Bayer Thread Num success! BayerThreadNum[4]
Info    2026-09-29 23:17:13:488  DevID:MV-CA016-10UC(00D36741056)  Source-Line:libMvCameraControl.so(MediaProcess.cpp-L0880)  ProcessName:hikrobot_camera_node(36856)     Description:[SetBayerCvtQuality]Set Bayer CvtQuality success! BayerCvtQuality[1]
Info    2026-09-29 23:17:13:488  DevID:MV-CA016-10UC(00D36741056)  Source-Line:libMvCameraControl.so(MediaProcess.cpp-L1876)  ProcessName:hikrobot_camera_node(36856)     Description:[SetBayerThreadNum]Set Bayer Thread Num success! BayerThreadNum[4]
Info    2026-09-29 23:17:13:488  DevID:MV-CA016-10UC(00D36741056)  Source-Line:libMvCameraControl.so(U3VDevice.cpp-L0854)  ProcessName:hikrobot_camera_node(36856)     Description:[RecordSdkVersion]CamCtrl[0x4080201], U3V SDKVersion[0x4080002], DriverVersion[0x0]
Error   2026-09-29 23:17:13:488  DevID:MV-CA016-10UC(00D36741056)  Source-Line:libMvCameraControl.so(U3VDevice.cpp-L1043)  ProcessName:hikrobot_camera_node(36856)     Description:[OpenDevice]Open device failed! PrivilegeMode[1], SwitchoverKey[0], Ret[0x80000203]
Info    2026-09-29 23:17:14:544  DevID:MV-CA016-10UC(00D36741056)  Source-Line:libMvCameraControl.so(U3VDevice.cpp-L0200)  ProcessName:hikrobot_camera_node(36856)     Description:[Init][U3V Info]Speed[0x300], DeviceAddress[0], VendorName[Hikvision], ManufacturerInfo[Hikvision], DeviceVersion[V1.4.8 181031 206647], UserID[]
Info    2026-09-29 23:17:14:544  DevID:MV-CA016-10UC(00D36741056)  Source-Line:libMvCameraControl.so(MediaProcess.cpp-L0880)  ProcessName:hikrobot_camera_node(36856)     Description:[SetBayerCvtQuality]Set Bayer CvtQuality success! BayerCvtQuality[1]
Info    2026-09-29 23:17:14:544  DevID:MV-CA016-10UC(00D36741056)  Source-Line:libMvCameraControl.so(MediaProcess.cpp-L1876)  ProcessName:hikrobot_camera_node(36856)     Description:[SetBayerThreadNum]Set Bayer Thread Num success! BayerThreadNum[4]
Info    2026-09-29 23:17:14:544  DevID:MV-CA016-10UC(00D36741056)  Source-Line:libMvCameraControl.so(MediaProcess.cpp-L0880)  ProcessName:hikrobot_camera_node(36856)     Description:[SetBayerCvtQuality]Set Bayer CvtQuality success! BayerCvtQuality[1]
Info    2026-09-29 23:17:14:544  DevID:MV-CA016-10UC(00D36741056)  Source-Line:libMvCameraControl.so(MediaProcess.cpp-L1876)  ProcessName:hikrobot_camera_node(36856)     Description:[SetBayerThreadNum]Set Bayer Thread Num success! BayerThreadNum[4]
Info    2026-09-29 23:17:14:544  DevID:MV-CA016-10UC(00D36741056)  Source-Line:libMvCameraControl.so(U3VDevice.cpp-L0854)  ProcessName:hikrobot_camera_node(36856)     Description:[RecordSdkVersion]CamCtrl[0x4080201], U3V SDKVersion[0x4080002], DriverVersion[0x0]
Error   2026-09-29 23:17:14:545  DevID:MV-CA016-10UC(00D36741056)  Source-Line:libMvCameraControl.so(U3VDevice.cpp-L1043)  ProcessName:hikrobot_camera_node(36856)     Description:[OpenDevice]Open device failed! PrivilegeMode[1], SwitchoverKey[0], Ret[0x80000203]
Info    2026-09-29 23:17:15:600  DevID:MV-CA016-10UC(00D36741056)  Source-Line:libMvCameraControl.so(U3VDevice.cpp-L0200)  ProcessName:hikrobot_camera_node(36856)     Description:[Init][U3V Info]Speed[0x300], DeviceAddress[0], VendorName[Hikvision], ManufacturerInfo[Hikvision], DeviceVersion[V1.4.8 181031 206647], UserID[]
Info    2026-09-29 23:17:15:600  DevID:MV-CA016-10UC(00D36741056)  Source-Line:libMvCameraControl.so(MediaProcess.cpp-L0880)  ProcessName:hikrobot_camera_node(36856)     Description:[SetBayerCvtQuality]Set Bayer CvtQuality success! BayerCvtQuality[1]
Info    2026-09-29 23:17:15:600  DevID:MV-CA016-10UC(00D36741056)  Source-Line:libMvCameraControl.so(MediaProcess.cpp-L1876)  ProcessName:hikrobot_camera_node(36856)     Description:[SetBayerThreadNum]Set Bayer Thread Num success! BayerThreadNum[4]
Info    2026-09-29 23:17:15:600  DevID:MV-CA016-10UC(00D36741056)  Source-Line:libMvCameraControl.so(MediaProcess.cpp-L0880)  ProcessName:hikrobot_camera_node(36856)     Description:[SetBayerCvtQuality]Set Bayer CvtQuality success! BayerCvtQuality[1]
Info    2026-09-29 23:17:15:600  DevID:MV-CA016-10UC(00D36741056)  Source-Line:libMvCameraControl.so(MediaProcess.cpp-L1876)  ProcessName:hikrobot_camera_node(36856)     Description:[SetBayerThreadNum]Set Bayer Thread Num success! BayerThreadNum[4]
Info    2026-09-29 23:17:15:600  DevID:MV-CA016-10UC(00D36741056)  Source-Line:libMvCameraControl.so(U3VDevice.cpp-L0854)  ProcessName:hikrobot_camera_node(36856)     Description:[RecordSdkVersion]CamCtrl[0x4080201], U3V SDKVersion[0x4080002], DriverVersion[0x0]
Error   2026-09-29 23:17:15:601  DevID:MV-CA016-10UC(00D36741056)  Source-Line:libMvCameraControl.so(U3VDevice.cpp-L1043)  ProcessName:hikrobot_camera_node(36856)     Description:[OpenDevice]Open device failed! PrivilegeMode[1], SwitchoverKey[0], Ret[0x80000203]
Info    2026-09-29 23:17:16:656  DevID:MV-CA016-10UC(00D36741056)  Source-Line:libMvCameraControl.so(U3VDevice.cpp-L0200)  ProcessName:hikrobot_camera_node(36856)     Description:[Init][U3V Info]Speed[0x300], DeviceAddress[0], VendorName[Hikvision], ManufacturerInfo[Hikvision], DeviceVersion[V1.4.8 181031 206647], UserID[]
Info    2026-09-29 23:17:16:656  DevID:MV-CA016-10UC(00D36741056)  Source-Line:libMvCameraControl.so(MediaProcess.cpp-L0880)  ProcessName:hikrobot_camera_node(36856)     Description:[SetBayerCvtQuality]Set Bayer CvtQuality success! BayerCvtQuality[1]
Info    2026-09-29 23:17:16:656  DevID:MV-CA016-10UC(00D36741056)  Source-Line:libMvCameraControl.so(MediaProcess.cpp-L1876)  ProcessName:hikrobot_camera_node(36856)     Description:[SetBayerThreadNum]Set Bayer Thread Num success! BayerThreadNum[4]
Info    2026-09-29 23:17:16:657  DevID:MV-CA016-10UC(00D36741056)  Source-Line:libMvCameraControl.so(MediaProcess.cpp-L0880)  ProcessName:hikrobot_camera_node(36856)     Description:[SetBayerCvtQuality]Set Bayer CvtQuality success! BayerCvtQuality[1]
Info    2026-09-29 23:17:16:657  DevID:MV-CA016-10UC(00D36741056)  Source-Line:libMvCameraControl.so(MediaProcess.cpp-L1876)  ProcessName:hikrobot_camera_node(36856)     Description:[SetBayerThreadNum]Set Bayer Thread Num success! BayerThreadNum[4]
Info    2026-09-29 23:17:16:657  DevID:MV-CA016-10UC(00D36741056)  Source-Line:libMvCameraControl.so(U3VDevice.cpp-L0854)  ProcessName:hikrobot_camera_node(36856)     Description:[RecordSdkVersion]CamCtrl[0x4080201], U3V SDKVersion[0x4080002], DriverVersion[0x0]
Error   2026-09-29 23:17:16:658  DevID:MV-CA016-10UC(00D36741056)  Source-Line:libMvCameraControl.so(U3VDevice.cpp-L1043)  ProcessName:hikrobot_camera_node(36856)     Description:[OpenDevice]Open device failed! PrivilegeMode[1], SwitchoverKey[0], Ret[0x80000203]
Info    2026-09-29 23:17:17:713  DevID:MV-CA016-10UC(00D36741056)  Source-Line:libMvCameraControl.so(U3VDevice.cpp-L0200)  ProcessName:hikrobot_camera_node(36856)     Description:[Init][U3V Info]Speed[0x300], DeviceAddress[0], VendorName[Hikvision], ManufacturerInfo[Hikvision], DeviceVersion[V1.4.8 181031 206647], UserID[]
Info    2026-09-29 23:17:17:713  DevID:MV-CA016-10UC(00D36741056)  Source-Line:libMvCameraControl.so(MediaProcess.cpp-L0880)  ProcessName:hikrobot_camera_node(36856)     Description:[SetBayerCvtQuality]Set Bayer CvtQuality success! BayerCvtQuality[1]
Info    2026-09-29 23:17:17:713  DevID:MV-CA016-10UC(00D36741056)  Source-Line:libMvCameraControl.so(MediaProcess.cpp-L1876)  ProcessName:hikrobot_camera_node(36856)     Description:[SetBayerThreadNum]Set Bayer Thread Num success! BayerThreadNum[4]
Info    2026-09-29 23:17:17:713  DevID:MV-CA016-10UC(00D36741056)  Source-Line:libMvCameraControl.so(MediaProcess.cpp-L0880)  ProcessName:hikrobot_camera_node(36856)     Description:[SetBayerCvtQuality]Set Bayer CvtQuality success! BayerCvtQuality[1]
Info    2026-09-29 23:17:17:713  DevID:MV-CA016-10UC(00D36741056)  Source-Line:libMvCameraControl.so(MediaProcess.cpp-L1876)  ProcessName:hikrobot_camera_node(36856)     Description:[SetBayerThreadNum]Set Bayer Thread Num success! BayerThreadNum[4]
Info    2026-09-29 23:17:17:713  DevID:MV-CA016-10UC(00D36741056)  Source-Line:libMvCameraControl.so(U3VDevice.cpp-L0854)  ProcessName:hikrobot_camera_node(36856)     Description:[RecordSdkVersion]CamCtrl[0x4080201], U3V SDKVersion[0x4080002], DriverVersion[0x0]
Error   2026-09-29 23:17:17:714  DevID:MV-CA016-10UC(00D36741056)  Source-Line:libMvCameraControl.so(U3VDevice.cpp-L1043)  ProcessName:hikrobot_camera_node(36856)     Description:[OpenDevice]Open device failed! PrivilegeMode[1], SwitchoverKey[0], Ret[0x80000203]
Info    2026-09-29 23:17:18:769  DevID:MV-CA016-10UC(00D36741056)  Source-Line:libMvCameraControl.so(U3VDevice.cpp-L0200)  ProcessName:hikrobot_camera_node(36856)     Description:[Init][U3V Info]Speed[0x300], DeviceAddress[0], VendorName[Hikvision], ManufacturerInfo[Hikvision], DeviceVersion[V1.4.8 181031 206647], UserID[]
Info    2026-09-29 23:17:18:769  DevID:MV-CA016-10UC(00D36741056)  Source-Line:libMvCameraControl.so(MediaProcess.cpp-L0880)  ProcessName:hikrobot_camera_node(36856)     Description:[SetBayerCvtQuality]Set Bayer CvtQuality success! BayerCvtQuality[1]
Info    2026-09-29 23:17:18:769  DevID:MV-CA016-10UC(00D36741056)  Source-Line:libMvCameraControl.so(MediaProcess.cpp-L1876)  ProcessName:hikrobot_camera_node(36856)     Description:[SetBayerThreadNum]Set Bayer Thread Num success! BayerThreadNum[4]
Info    2026-09-29 23:17:18:769  DevID:MV-CA016-10UC(00D36741056)  Source-Line:libMvCameraControl.so(MediaProcess.cpp-L0880)  ProcessName:hikrobot_camera_node(36856)     Description:[SetBayerCvtQuality]Set Bayer CvtQuality success! BayerCvtQuality[1]
Info    2026-09-29 23:17:18:769  DevID:MV-CA016-10UC(00D36741056)  Source-Line:libMvCameraControl.so(MediaProcess.cpp-L1876)  ProcessName:hikrobot_camera_node(36856)     Description:[SetBayerThreadNum]Set Bayer Thread Num success! BayerThreadNum[4]
Info    2026-09-29 23:17:18:769  DevID:MV-CA016-10UC(00D36741056)  Source-Line:libMvCameraControl.so(U3VDevice.cpp-L0854)  ProcessName:hikrobot_camera_node(36856)     Description:[RecordSdkVersion]CamCtrl[0x4080201], U3V SDKVersion[0x4080002], DriverVersion[0x0]
Error   2026-09-29 23:17:18:771  DevID:MV-CA016-10UC(00D36741056)  Source-Line:libMvCameraControl.so(U3VDevice.cpp-L1043)  ProcessName:hikrobot_camera_node(36856)     Description:[OpenDevice]Open device failed! PrivilegeMode[1], SwitchoverKey[0], Ret[0x80000203]
Info    2026-09-29 23:17:19:825  DevID:MV-CA016-10UC(00D36741056)  Source-Line:libMvCameraControl.so(U3VDevice.cpp-L0200)  ProcessName:hikrobot_camera_node(36856)     Description:[Init][U3V Info]Speed[0x300], DeviceAddress[0], VendorName[Hikvision], ManufacturerInfo[Hikvision], DeviceVersion[V1.4.8 181031 206647], UserID[]
Info    2026-09-29 23:17:19:826  DevID:MV-CA016-10UC(00D36741056)  Source-Line:libMvCameraControl.so(MediaProcess.cpp-L0880)  ProcessName:hikrobot_camera_node(36856)     Description:[SetBayerCvtQuality]Set Bayer CvtQuality success! BayerCvtQuality[1]
Info    2026-09-29 23:17:19:826  DevID:MV-CA016-10UC(00D36741056)  Source-Line:libMvCameraControl.so(MediaProcess.cpp-L1876)  ProcessName:hikrobot_camera_node(36856)     Description:[SetBayerThreadNum]Set Bayer Thread Num success! BayerThreadNum[4]
Info    2026-09-29 23:17:19:826  DevID:MV-CA016-10UC(00D36741056)  Source-Line:libMvCameraControl.so(MediaProcess.cpp-L0880)  ProcessName:hikrobot_camera_node(36856)     Description:[SetBayerCvtQuality]Set Bayer CvtQuality success! BayerCvtQuality[1]
Info    2026-09-29 23:17:19:826  DevID:MV-CA016-10UC(00D36741056)  Source-Line:libMvCameraControl.so(MediaProcess.cpp-L1876)  ProcessName:hikrobot_camera_node(36856)     Description:[SetBayerThreadNum]Set Bayer Thread Num success! BayerThreadNum[4]
Info    2026-09-29 23:17:19:826  DevID:MV-CA016-10UC(00D36741056)  Source-Line:libMvCameraControl.so(U3VDevice.cpp-L0854)  ProcessName:hikrobot_camera_node(36856)     Description:[RecordSdkVersion]CamCtrl[0x4080201], U3V SDKVersion[0x4080002], DriverVersion[0x0]
Error   2026-09-29 23:17:19:827  DevID:MV-CA016-10UC(00D36741056)  Source-Line:libMvCameraControl.so(U3VDevice.cpp-L1043)  ProcessName:hikrobot_camera_node(36856)     Description:[OpenDevice]Open device failed! PrivilegeMode[1], SwitchoverKey[0], Ret[0x80000203]
Info    2026-09-29 23:17:20:882  DevID:MV-CA016-10UC(00D36741056)  Source-Line:libMvCameraControl.so(U3VDevice.cpp-L0200)  ProcessName:hikrobot_camera_node(36856)     Description:[Init][U3V Info]Speed[0x300], DeviceAddress[0], VendorName[Hikvision], ManufacturerInfo[Hikvision], DeviceVersion[V1.4.8 181031 206647], UserID[]
Info    2026-09-29 23:17:20:882  DevID:MV-CA016-10UC(00D36741056)  Source-Line:libMvCameraControl.so(MediaProcess.cpp-L0880)  ProcessName:hikrobot_camera_node(36856)     Description:[SetBayerCvtQuality]Set Bayer CvtQuality success! BayerCvtQuality[1]
Info    2026-09-29 23:17:20:882  DevID:MV-CA016-10UC(00D36741056)  Source-Line:libMvCameraControl.so(MediaProcess.cpp-L1876)  ProcessName:hikrobot_camera_node(36856)     Description:[SetBayerThreadNum]Set Bayer Thread Num success! BayerThreadNum[4]
Info    2026-09-29 23:17:20:882  DevID:MV-CA016-10UC(00D36741056)  Source-Line:libMvCameraControl.so(MediaProcess.cpp-L0880)  ProcessName:hikrobot_camera_node(36856)     Description:[SetBayerCvtQuality]Set Bayer CvtQuality success! BayerCvtQuality[1]
Info    2026-09-29 23:17:20:882  DevID:MV-CA016-10UC(00D36741056)  Source-Line:libMvCameraControl.so(MediaProcess.cpp-L1876)  ProcessName:hikrobot_camera_node(36856)     Description:[SetBayerThreadNum]Set Bayer Thread Num success! BayerThreadNum[4]
Info    2026-09-29 23:17:20:882  DevID:MV-CA016-10UC(00D36741056)  Source-Line:libMvCameraControl.so(U3VDevice.cpp-L0854)  ProcessName:hikrobot_camera_node(36856)     Description:[RecordSdkVersion]CamCtrl[0x4080201], U3V SDKVersion[0x4080002], DriverVersion[0x0]
Error   2026-09-29 23:17:20:882  DevID:MV-CA016-10UC(00D36741056)  Source-Line:libMvCameraControl.so(U3VDevice.cpp-L1043)  ProcessName:hikrobot_camera_node(36856)     Description:[OpenDevice]Open device failed! PrivilegeMode[1], SwitchoverKey[0], Ret[0x80000203]
Info    2026-09-29 23:17:21:938  DevID:MV-CA016-10UC(00D36741056)  Source-Line:libMvCameraControl.so(U3VDevice.cpp-L0200)  ProcessName:hikrobot_camera_node(36856)     Description:[Init][U3V Info]Speed[0x300], DeviceAddress[0], VendorName[Hikvision], ManufacturerInfo[Hikvision], DeviceVersion[V1.4.8 181031 206647], UserID[]
Info    2026-09-29 23:17:21:938  DevID:MV-CA016-10UC(00D36741056)  Source-Line:libMvCameraControl.so(MediaProcess.cpp-L0880)  ProcessName:hikrobot_camera_node(36856)     Description:[SetBayerCvtQuality]Set Bayer CvtQuality success! BayerCvtQuality[1]
Info    2026-09-29 23:17:21:938  DevID:MV-CA016-10UC(00D36741056)  Source-Line:libMvCameraControl.so(MediaProcess.cpp-L1876)  ProcessName:hikrobot_camera_node(36856)     Description:[SetBayerThreadNum]Set Bayer Thread Num success! BayerThreadNum[4]
Info    2026-09-29 23:17:21:938  DevID:MV-CA016-10UC(00D36741056)  Source-Line:libMvCameraControl.so(MediaProcess.cpp-L0880)  ProcessName:hikrobot_camera_node(36856)     Description:[SetBayerCvtQuality]Set Bayer CvtQuality success! BayerCvtQuality[1]
Info    2026-09-29 23:17:21:938  DevID:MV-CA016-10UC(00D36741056)  Source-Line:libMvCameraControl.so(MediaProcess.cpp-L1876)  ProcessName:hikrobot_camera_node(36856)     Description:[SetBayerThreadNum]Set Bayer Thread Num success! BayerThreadNum[4]
Info    2026-09-29 23:17:21:938  DevID:MV-CA016-10UC(00D36741056)  Source-Line:libMvCameraControl.so(U3VDevice.cpp-L0854)  ProcessName:hikrobot_camera_node(36856)     Description:[RecordSdkVersion]CamCtrl[0x4080201], U3V SDKVersion[0x4080002], DriverVersion[0x0]
Error   2026-09-29 23:17:21:939  DevID:MV-CA016-10UC(00D36741056)  Source-Line:libMvCameraControl.so(U3VDevice.cpp-L1043)  ProcessName:hikrobot_camera_node(36856)     Description:[OpenDevice]Open device failed! PrivilegeMode[1], SwitchoverKey[0], Ret[0x80000203]
Info    2026-09-29 23:17:22:995  DevID:MV-CA016-10UC(00D36741056)  Source-Line:libMvCameraControl.so(U3VDevice.cpp-L0200)  ProcessName:hikrobot_camera_node(36856)     Description:[Init][U3V Info]Speed[0x300], DeviceAddress[0], VendorName[Hikvision], ManufacturerInfo[Hikvision], DeviceVersion[V1.4.8 181031 206647], UserID[]
Info    2026-09-29 23:17:22:995  DevID:MV-CA016-10UC(00D36741056)  Source-Line:libMvCameraControl.so(MediaProcess.cpp-L0880)  ProcessName:hikrobot_camera_node(36856)     Description:[SetBayerCvtQuality]Set Bayer CvtQuality success! BayerCvtQuality[1]
Info    2026-09-29 23:17:22:995  DevID:MV-CA016-10UC(00D36741056)  Source-Line:libMvCameraControl.so(MediaProcess.cpp-L1876)  ProcessName:hikrobot_camera_node(36856)     Description:[SetBayerThreadNum]Set Bayer Thread Num success! BayerThreadNum[4]
Info    2026-09-29 23:17:22:995  DevID:MV-CA016-10UC(00D36741056)  Source-Line:libMvCameraControl.so(MediaProcess.cpp-L0880)  ProcessName:hikrobot_camera_node(36856)     Description:[SetBayerCvtQuality]Set Bayer CvtQuality success! BayerCvtQuality[1]
Info    2026-09-29 23:17:22:995  DevID:MV-CA016-10UC(00D36741056)  Source-Line:libMvCameraControl.so(MediaProcess.cpp-L1876)  ProcessName:hikrobot_camera_node(36856)     Description:[SetBayerThreadNum]Set Bayer Thread Num success! BayerThreadNum[4]
Info    2026-09-29 23:17:22:995  DevID:MV-CA016-10UC(00D36741056)  Source-Line:libMvCameraControl.so(U3VDevice.cpp-L0854)  ProcessName:hikrobot_camera_node(36856)     Description:[RecordSdkVersion]CamCtrl[0x4080201], U3V SDKVersion[0x4080002], DriverVersion[0x0]
Error   2026-09-29 23:17:22:996  DevID:MV-CA016-10UC(00D36741056)  Source-Line:libMvCameraControl.so(U3VDevice.cpp-L1043)  ProcessName:hikrobot_camera_node(36856)     Description:[OpenDevice]Open device failed! PrivilegeMode[1], SwitchoverKey[0], Ret[0x80000203]
Info    2026-09-29 23:17:24:051  DevID:MV-CA016-10UC(00D36741056)  Source-Line:libMvCameraControl.so(U3VDevice.cpp-L0200)  ProcessName:hikrobot_camera_node(36856)     Description:[Init][U3V Info]Speed[0x300], DeviceAddress[0], VendorName[Hikvision], ManufacturerInfo[Hikvision], DeviceVersion[V1.4.8 181031 206647], UserID[]
Info    2026-09-29 23:17:24:051  DevID:MV-CA016-10UC(00D36741056)  Source-Line:libMvCameraControl.so(MediaProcess.cpp-L0880)  ProcessName:hikrobot_camera_node(36856)     Description:[SetBayerCvtQuality]Set Bayer CvtQuality success! BayerCvtQuality[1]
Info    2026-09-29 23:17:24:051  DevID:MV-CA016-10UC(00D36741056)  Source-Line:libMvCameraControl.so(MediaProcess.cpp-L1876)  ProcessName:hikrobot_camera_node(36856)     Description:[SetBayerThreadNum]Set Bayer Thread Num success! BayerThreadNum[4]
Info    2026-09-29 23:17:24:051  DevID:MV-CA016-10UC(00D36741056)  Source-Line:libMvCameraControl.so(MediaProcess.cpp-L0880)  ProcessName:hikrobot_camera_node(36856)     Description:[SetBayerCvtQuality]Set Bayer CvtQuality success! BayerCvtQuality[1]
Info    2026-09-29 23:17:24:051  DevID:MV-CA016-10UC(00D36741056)  Source-Line:libMvCameraControl.so(MediaProcess.cpp-L1876)  ProcessName:hikrobot_camera_node(36856)     Description:[SetBayerThreadNum]Set Bayer Thread Num success! BayerThreadNum[4]
Info    2026-09-29 23:17:24:051  DevID:MV-CA016-10UC(00D36741056)  Source-Line:libMvCameraControl.so(U3VDevice.cpp-L0854)  ProcessName:hikrobot_camera_node(36856)     Description:[RecordSdkVersion]CamCtrl[0x4080201], U3V SDKVersion[0x4080002], DriverVersion[0x0]
Error   2026-09-29 23:17:24:052  DevID:MV-CA016-10UC(00D36741056)  Source-Line:libMvCameraControl.so(U3VDevice.cpp-L1043)  ProcessName:hikrobot_camera_node(36856)     Description:[OpenDevice]Open device failed! PrivilegeMode[1], SwitchoverKey[0], Ret[0x80000203]
Info    2026-09-29 23:17:25:107  DevID:MV-CA016-10UC(00D36741056)  Source-Line:libMvCameraControl.so(U3VDevice.cpp-L0200)  ProcessName:hikrobot_camera_node(36856)     Description:[Init][U3V Info]Speed[0x300], DeviceAddress[0], VendorName[Hikvision], ManufacturerInfo[Hikvision], DeviceVersion[V1.4.8 181031 206647], UserID[]
Info    2026-09-29 23:17:25:107  DevID:MV-CA016-10UC(00D36741056)  Source-Line:libMvCameraControl.so(MediaProcess.cpp-L0880)  ProcessName:hikrobot_camera_node(36856)     Description:[SetBayerCvtQuality]Set Bayer CvtQuality success! BayerCvtQuality[1]
Info    2026-09-29 23:17:25:107  DevID:MV-CA016-10UC(00D36741056)  Source-Line:libMvCameraControl.so(MediaProcess.cpp-L1876)  ProcessName:hikrobot_camera_node(36856)     Description:[SetBayerThreadNum]Set Bayer Thread Num success! BayerThreadNum[4]
Info    2026-09-29 23:17:25:107  DevID:MV-CA016-10UC(00D36741056)  Source-Line:libMvCameraControl.so(MediaProcess.cpp-L0880)  ProcessName:hikrobot_camera_node(36856)     Description:[SetBayerCvtQuality]Set Bayer CvtQuality success! BayerCvtQuality[1]
Info    2026-09-29 23:17:25:107  DevID:MV-CA016-10UC(00D36741056)  Source-Line:libMvCameraControl.so(MediaProcess.cpp-L1876)  ProcessName:hikrobot_camera_node(36856)     Description:[SetBayerThreadNum]Set Bayer Thread Num success! BayerThreadNum[4]
Info    2026-09-29 23:17:25:108  DevID:MV-CA016-10UC(00D36741056)  Source-Line:libMvCameraControl.so(U3VDevice.cpp-L0854)  ProcessName:hikrobot_camera_node(36856)     Description:[RecordSdkVersion]CamCtrl[0x4080201], U3V SDKVersion[0x4080002], DriverVersion[0x0]
Error   2026-09-29 23:17:25:109  DevID:MV-CA016-10UC(00D36741056)  Source-Line:libMvCameraControl.so(U3VDevice.cpp-L1043)  ProcessName:hikrobot_camera_node(36856)     Description:[OpenDevice]Open device failed! PrivilegeMode[1], SwitchoverKey[0], Ret[0x80000203]
Info    2026-09-29 23:17:26:164  DevID:MV-CA016-10UC(00D36741056)  Source-Line:libMvCameraControl.so(U3VDevice.cpp-L0200)  ProcessName:hikrobot_camera_node(36856)     Description:[Init][U3V Info]Speed[0x300], DeviceAddress[0], VendorName[Hikvision], ManufacturerInfo[Hikvision], DeviceVersion[V1.4.8 181031 206647], UserID[]
Info    2026-09-29 23:17:26:164  DevID:MV-CA016-10UC(00D36741056)  Source-Line:libMvCameraControl.so(MediaProcess.cpp-L0880)  ProcessName:hikrobot_camera_node(36856)     Description:[SetBayerCvtQuality]Set Bayer CvtQuality success! BayerCvtQuality[1]
Info    2026-09-29 23:17:26:164  DevID:MV-CA016-10UC(00D36741056)  Source-Line:libMvCameraControl.so(MediaProcess.cpp-L1876)  ProcessName:hikrobot_camera_node(36856)     Description:[SetBayerThreadNum]Set Bayer Thread Num success! BayerThreadNum[4]
Info    2026-09-29 23:17:26:164  DevID:MV-CA016-10UC(00D36741056)  Source-Line:libMvCameraControl.so(MediaProcess.cpp-L0880)  ProcessName:hikrobot_camera_node(36856)     Description:[SetBayerCvtQuality]Set Bayer CvtQuality success! BayerCvtQuality[1]
Info    2026-09-29 23:17:26:164  DevID:MV-CA016-10UC(00D36741056)  Source-Line:libMvCameraControl.so(MediaProcess.cpp-L1876)  ProcessName:hikrobot_camera_node(36856)     Description:[SetBayerThreadNum]Set Bayer Thread Num success! BayerThreadNum[4]
Info    2026-09-29 23:17:26:164  DevID:MV-CA016-10UC(00D36741056)  Source-Line:libMvCameraControl.so(U3VDevice.cpp-L0854)  ProcessName:hikrobot_camera_node(36856)     Description:[RecordSdkVersion]CamCtrl[0x4080201], U3V SDKVersion[0x4080002], DriverVersion[0x0]
Error   2026-09-29 23:17:26:165  DevID:MV-CA016-10UC(00D36741056)  Source-Line:libMvCameraControl.so(U3VDevice.cpp-L1043)  ProcessName:hikrobot_camera_node(36856)     Description:[OpenDevice]Open device failed! PrivilegeMode[1], SwitchoverKey[0], Ret[0x80000203]
Info    2026-09-29 23:17:27:220  DevID:MV-CA016-10UC(00D36741056)  Source-Line:libMvCameraControl.so(U3VDevice.cpp-L0200)  ProcessName:hikrobot_camera_node(36856)     Description:[Init][U3V Info]Speed[0x300], DeviceAddress[0], VendorName[Hikvision], ManufacturerInfo[Hikvision], DeviceVersion[V1.4.8 181031 206647], UserID[]
Info    2026-09-29 23:17:27:220  DevID:MV-CA016-10UC(00D36741056)  Source-Line:libMvCameraControl.so(MediaProcess.cpp-L0880)  ProcessName:hikrobot_camera_node(36856)     Description:[SetBayerCvtQuality]Set Bayer CvtQuality success! BayerCvtQuality[1]
Info    2026-09-29 23:17:27:220  DevID:MV-CA016-10UC(00D36741056)  Source-Line:libMvCameraControl.so(MediaProcess.cpp-L1876)  ProcessName:hikrobot_camera_node(36856)     Description:[SetBayerThreadNum]Set Bayer Thread Num success! BayerThreadNum[4]
Info    2026-09-29 23:17:27:220  DevID:MV-CA016-10UC(00D36741056)  Source-Line:libMvCameraControl.so(MediaProcess.cpp-L0880)  ProcessName:hikrobot_camera_node(36856)     Description:[SetBayerCvtQuality]Set Bayer CvtQuality success! BayerCvtQuality[1]
Info    2026-09-29 23:17:27:220  DevID:MV-CA016-10UC(00D36741056)  Source-Line:libMvCameraControl.so(MediaProcess.cpp-L1876)  ProcessName:hikrobot_camera_node(36856)     Description:[SetBayerThreadNum]Set Bayer Thread Num success! BayerThreadNum[4]
Info    2026-09-29 23:17:27:220  DevID:MV-CA016-10UC(00D36741056)  Source-Line:libMvCameraControl.so(U3VDevice.cpp-L0854)  ProcessName:hikrobot_camera_node(36856)     Description:[RecordSdkVersion]CamCtrl[0x4080201], U3V SDKVersion[0x4080002], DriverVersion[0x0]
Error   2026-09-29 23:17:27:221  DevID:MV-CA016-10UC(00D36741056)  Source-Line:libMvCameraControl.so(U3VDevice.cpp-L1043)  ProcessName:hikrobot_camera_node(36856)     Description:[OpenDevice]Open device failed! PrivilegeMode[1], SwitchoverKey[0], Ret[0x80000203]
Info    2026-09-29 23:17:28:276  DevID:MV-CA016-10UC(00D36741056)  Source-Line:libMvCameraControl.so(U3VDevice.cpp-L0200)  ProcessName:hikrobot_camera_node(36856)     Description:[Init][U3V Info]Speed[0x300], DeviceAddress[0], VendorName[Hikvision], ManufacturerInfo[Hikvision], DeviceVersion[V1.4.8 181031 206647], UserID[]
Info    2026-09-29 23:17:28:276  DevID:MV-CA016-10UC(00D36741056)  Source-Line:libMvCameraControl.so(MediaProcess.cpp-L0880)  ProcessName:hikrobot_camera_node(36856)     Description:[SetBayerCvtQuality]Set Bayer CvtQuality success! BayerCvtQuality[1]
Info    2026-09-29 23:17:28:276  DevID:MV-CA016-10UC(00D36741056)  Source-Line:libMvCameraControl.so(MediaProcess.cpp-L1876)  ProcessName:hikrobot_camera_node(36856)     Description:[SetBayerThreadNum]Set Bayer Thread Num success! BayerThreadNum[4]
Info    2026-09-29 23:17:28:276  DevID:MV-CA016-10UC(00D36741056)  Source-Line:libMvCameraControl.so(MediaProcess.cpp-L0880)  ProcessName:hikrobot_camera_node(36856)     Description:[SetBayerCvtQuality]Set Bayer CvtQuality success! BayerCvtQuality[1]
Info    2026-09-29 23:17:28:276  DevID:MV-CA016-10UC(00D36741056)  Source-Line:libMvCameraControl.so(MediaProcess.cpp-L1876)  ProcessName:hikrobot_camera_node(36856)     Description:[SetBayerThreadNum]Set Bayer Thread Num success! BayerThreadNum[4]
Info    2026-09-29 23:17:28:276  DevID:MV-CA016-10UC(00D36741056)  Source-Line:libMvCameraControl.so(U3VDevice.cpp-L0854)  ProcessName:hikrobot_camera_node(36856)     Description:[RecordSdkVersion]CamCtrl[0x4080201], U3V SDKVersion[0x4080002], DriverVersion[0x0]
Error   2026-09-29 23:17:28:277  DevID:MV-CA016-10UC(00D36741056)  Source-Line:libMvCameraControl.so(U3VDevice.cpp-L1043)  ProcessName:hikrobot_camera_node(36856)     Description:[OpenDevice]Open device failed! PrivilegeMode[1], SwitchoverKey[0], Ret[0x80000203]
Info    2026-09-29 23:17:29:332  DevID:MV-CA016-10UC(00D36741056)  Source-Line:libMvCameraControl.so(U3VDevice.cpp-L0200)  ProcessName:hikrobot_camera_node(36856)     Description:[Init][U3V Info]Speed[0x300], DeviceAddress[0], VendorName[Hikvision], ManufacturerInfo[Hikvision], DeviceVersion[V1.4.8 181031 206647], UserID[]
Info    2026-09-29 23:17:29:332  DevID:MV-CA016-10UC(00D36741056)  Source-Line:libMvCameraControl.so(MediaProcess.cpp-L0880)  ProcessName:hikrobot_camera_node(36856)     Description:[SetBayerCvtQuality]Set Bayer CvtQuality success! BayerCvtQuality[1]
Info    2026-09-29 23:17:29:333  DevID:MV-CA016-10UC(00D36741056)  Source-Line:libMvCameraControl.so(MediaProcess.cpp-L1876)  ProcessName:hikrobot_camera_node(36856)     Description:[SetBayerThreadNum]Set Bayer Thread Num success! BayerThreadNum[4]
Info    2026-09-29 23:17:29:333  DevID:MV-CA016-10UC(00D36741056)  Source-Line:libMvCameraControl.so(MediaProcess.cpp-L0880)  ProcessName:hikrobot_camera_node(36856)     Description:[SetBayerCvtQuality]Set Bayer CvtQuality success! BayerCvtQuality[1]
Info    2026-09-29 23:17:29:333  DevID:MV-CA016-10UC(00D36741056)  Source-Line:libMvCameraControl.so(MediaProcess.cpp-L1876)  ProcessName:hikrobot_camera_node(36856)     Description:[SetBayerThreadNum]Set Bayer Thread Num success! BayerThreadNum[4]
Info    2026-09-29 23:17:29:333  DevID:MV-CA016-10UC(00D36741056)  Source-Line:libMvCameraControl.so(U3VDevice.cpp-L0854)  ProcessName:hikrobot_camera_node(36856)     Description:[RecordSdkVersion]CamCtrl[0x4080201], U3V SDKVersion[0x4080002], DriverVersion[0x0]
Error   2026-09-29 23:17:29:334  DevID:MV-CA016-10UC(00D36741056)  Source-Line:libMvCameraControl.so(U3VDevice.cpp-L1043)  ProcessName:hikrobot_camera_node(36856)     Description:[OpenDevice]Open device failed! PrivilegeMode[1], SwitchoverKey[0], Ret[0x80000203]
Info    2026-09-29 23:17:30:389  DevID:MV-CA016-10UC(00D36741056)  Source-Line:libMvCameraControl.so(U3VDevice.cpp-L0200)  ProcessName:hikrobot_camera_node(36856)     Description:[Init][U3V Info]Speed[0x300], DeviceAddress[0], VendorName[Hikvision], ManufacturerInfo[Hikvision], DeviceVersion[V1.4.8 181031 206647], UserID[]
Info    2026-09-29 23:17:30:389  DevID:MV-CA016-10UC(00D36741056)  Source-Line:libMvCameraControl.so(MediaProcess.cpp-L0880)  ProcessName:hikrobot_camera_node(36856)     Description:[SetBayerCvtQuality]Set Bayer CvtQuality success! BayerCvtQuality[1]
Info    2026-09-29 23:17:30:389  DevID:MV-CA016-10UC(00D36741056)  Source-Line:libMvCameraControl.so(MediaProcess.cpp-L1876)  ProcessName:hikrobot_camera_node(36856)     Description:[SetBayerThreadNum]Set Bayer Thread Num success! BayerThreadNum[4]
Info    2026-09-29 23:17:30:389  DevID:MV-CA016-10UC(00D36741056)  Source-Line:libMvCameraControl.so(MediaProcess.cpp-L0880)  ProcessName:hikrobot_camera_node(36856)     Description:[SetBayerCvtQuality]Set Bayer CvtQuality success! BayerCvtQuality[1]
Info    2026-09-29 23:17:30:389  DevID:MV-CA016-10UC(00D36741056)  Source-Line:libMvCameraControl.so(MediaProcess.cpp-L1876)  ProcessName:hikrobot_camera_node(36856)     Description:[SetBayerThreadNum]Set Bayer Thread Num success! BayerThreadNum[4]
Info    2026-09-29 23:17:30:389  DevID:MV-CA016-10UC(00D36741056)  Source-Line:libMvCameraControl.so(U3VDevice.cpp-L0854)  ProcessName:hikrobot_camera_node(36856)     Description:[RecordSdkVersion]CamCtrl[0x4080201], U3V SDKVersion[0x4080002], DriverVersion[0x0]
Error   2026-09-29 23:17:30:390  DevID:MV-CA016-10UC(00D36741056)  Source-Line:libMvCameraControl.so(U3VDevice.cpp-L1043)  ProcessName:hikrobot_camera_node(36856)     Description:[OpenDevice]Open device failed! PrivilegeMode[1], SwitchoverKey[0], Ret[0x80000203]
Info    2026-09-29 23:17:31:445  DevID:MV-CA016-10UC(00D36741056)  Source-Line:libMvCameraControl.so(U3VDevice.cpp-L0200)  ProcessName:hikrobot_camera_node(36856)     Description:[Init][U3V Info]Speed[0x300], DeviceAddress[0], VendorName[Hikvision], ManufacturerInfo[Hikvision], DeviceVersion[V1.4.8 181031 206647], UserID[]
Info    2026-09-29 23:17:31:445  DevID:MV-CA016-10UC(00D36741056)  Source-Line:libMvCameraControl.so(MediaProcess.cpp-L0880)  ProcessName:hikrobot_camera_node(36856)     Description:[SetBayerCvtQuality]Set Bayer CvtQuality success! BayerCvtQuality[1]
Info    2026-09-29 23:17:31:445  DevID:MV-CA016-10UC(00D36741056)  Source-Line:libMvCameraControl.so(MediaProcess.cpp-L1876)  ProcessName:hikrobot_camera_node(36856)     Description:[SetBayerThreadNum]Set Bayer Thread Num success! BayerThreadNum[4]
Info    2026-09-29 23:17:31:445  DevID:MV-CA016-10UC(00D36741056)  Source-Line:libMvCameraControl.so(MediaProcess.cpp-L0880)  ProcessName:hikrobot_camera_node(36856)     Description:[SetBayerCvtQuality]Set Bayer CvtQuality success! BayerCvtQuality[1]
Info    2026-09-29 23:17:31:445  DevID:MV-CA016-10UC(00D36741056)  Source-Line:libMvCameraControl.so(MediaProcess.cpp-L1876)  ProcessName:hikrobot_camera_node(36856)     Description:[SetBayerThreadNum]Set Bayer Thread Num success! BayerThreadNum[4]
Info    2026-09-29 23:17:31:445  DevID:MV-CA016-10UC(00D36741056)  Source-Line:libMvCameraControl.so(U3VDevice.cpp-L0854)  ProcessName:hikrobot_camera_node(36856)     Description:[RecordSdkVersion]CamCtrl[0x4080201], U3V SDKVersion[0x4080002], DriverVersion[0x0]
Error   2026-09-29 23:17:31:446  DevID:MV-CA016-10UC(00D36741056)  Source-Line:libMvCameraControl.so(U3VDevice.cpp-L1043)  ProcessName:hikrobot_camera_node(36856)     Description:[OpenDevice]Open device failed! PrivilegeMode[1], SwitchoverKey[0], Ret[0x80000203]
Info    2026-09-29 23:17:32:501  DevID:MV-CA016-10UC(00D36741056)  Source-Line:libMvCameraControl.so(U3VDevice.cpp-L0200)  ProcessName:hikrobot_camera_node(36856)     Description:[Init][U3V Info]Speed[0x300], DeviceAddress[0], VendorName[Hikvision], ManufacturerInfo[Hikvision], DeviceVersion[V1.4.8 181031 206647], UserID[]
Info    2026-09-29 23:17:32:501  DevID:MV-CA016-10UC(00D36741056)  Source-Line:libMvCameraControl.so(MediaProcess.cpp-L0880)  ProcessName:hikrobot_camera_node(36856)     Description:[SetBayerCvtQuality]Set Bayer CvtQuality success! BayerCvtQuality[1]
Info    2026-09-29 23:17:32:501  DevID:MV-CA016-10UC(00D36741056)  Source-Line:libMvCameraControl.so(MediaProcess.cpp-L1876)  ProcessName:hikrobot_camera_node(36856)     Description:[SetBayerThreadNum]Set Bayer Thread Num success! BayerThreadNum[4]
Info    2026-09-29 23:17:32:501  DevID:MV-CA016-10UC(00D36741056)  Source-Line:libMvCameraControl.so(MediaProcess.cpp-L0880)  ProcessName:hikrobot_camera_node(36856)     Description:[SetBayerCvtQuality]Set Bayer CvtQuality success! BayerCvtQuality[1]
Info    2026-09-29 23:17:32:501  DevID:MV-CA016-10UC(00D36741056)  Source-Line:libMvCameraControl.so(MediaProcess.cpp-L1876)  ProcessName:hikrobot_camera_node(36856)     Description:[SetBayerThreadNum]Set Bayer Thread Num success! BayerThreadNum[4]
Info    2026-09-29 23:17:32:501  DevID:MV-CA016-10UC(00D36741056)  Source-Line:libMvCameraControl.so(U3VDevice.cpp-L0854)  ProcessName:hikrobot_camera_node(36856)     Description:[RecordSdkVersion]CamCtrl[0x4080201], U3V SDKVersion[0x4080002], DriverVersion[0x0]
Error   2026-09-29 23:17:32:502  DevID:MV-CA016-10UC(00D36741056)  Source-Line:libMvCameraControl.so(U3VDevice.cpp-L1043)  ProcessName:hikrobot_camera_node(36856)     Description:[OpenDevice]Open device failed! PrivilegeMode[1], SwitchoverKey[0], Ret[0x80000203]
Info    2026-09-29 23:17:33:558  DevID:MV-CA016-10UC(00D36741056)  Source-Line:libMvCameraControl.so(U3VDevice.cpp-L0200)  ProcessName:hikrobot_camera_node(36856)     Description:[Init][U3V Info]Speed[0x300], DeviceAddress[0], VendorName[Hikvision], ManufacturerInfo[Hikvision], DeviceVersion[V1.4.8 181031 206647], UserID[]
Info    2026-09-29 23:17:33:558  DevID:MV-CA016-10UC(00D36741056)  Source-Line:libMvCameraControl.so(MediaProcess.cpp-L0880)  ProcessName:hikrobot_camera_node(36856)     Description:[SetBayerCvtQuality]Set Bayer CvtQuality success! BayerCvtQuality[1]
Info    2026-09-29 23:17:33:558  DevID:MV-CA016-10UC(00D36741056)  Source-Line:libMvCameraControl.so(MediaProcess.cpp-L1876)  ProcessName:hikrobot_camera_node(36856)     Description:[SetBayerThreadNum]Set Bayer Thread Num success! BayerThreadNum[4]
Info    2026-09-29 23:17:33:558  DevID:MV-CA016-10UC(00D36741056)  Source-Line:libMvCameraControl.so(MediaProcess.cpp-L0880)  ProcessName:hikrobot_camera_node(36856)     Description:[SetBayerCvtQuality]Set Bayer CvtQuality success! BayerCvtQuality[1]
Info    2026-09-29 23:17:33:558  DevID:MV-CA016-10UC(00D36741056)  Source-Line:libMvCameraControl.so(MediaProcess.cpp-L1876)  ProcessName:hikrobot_camera_node(36856)     Description:[SetBayerThreadNum]Set Bayer Thread Num success! BayerThreadNum[4]
Info    2026-09-29 23:17:33:558  DevID:MV-CA016-10UC(00D36741056)  Source-Line:libMvCameraControl.so(U3VDevice.cpp-L0854)  ProcessName:hikrobot_camera_node(36856)     Description:[RecordSdkVersion]CamCtrl[0x4080201], U3V SDKVersion[0x4080002], DriverVersion[0x0]
Error   2026-09-29 23:17:33:559  DevID:MV-CA016-10UC(00D36741056)  Source-Line:libMvCameraControl.so(U3VDevice.cpp-L1043)  ProcessName:hikrobot_camera_node(36856)     Description:[OpenDevice]Open device failed! PrivilegeMode[1], SwitchoverKey[0], Ret[0x80000203]
Info    2026-09-29 23:17:34:614  DevID:MV-CA016-10UC(00D36741056)  Source-Line:libMvCameraControl.so(U3VDevice.cpp-L0200)  ProcessName:hikrobot_camera_node(36856)     Description:[Init][U3V Info]Speed[0x300], DeviceAddress[0], VendorName[Hikvision], ManufacturerInfo[Hikvision], DeviceVersion[V1.4.8 181031 206647], UserID[]
Info    2026-09-29 23:17:34:614  DevID:MV-CA016-10UC(00D36741056)  Source-Line:libMvCameraControl.so(MediaProcess.cpp-L0880)  ProcessName:hikrobot_camera_node(36856)     Description:[SetBayerCvtQuality]Set Bayer CvtQuality success! BayerCvtQuality[1]
Info    2026-09-29 23:17:34:614  DevID:MV-CA016-10UC(00D36741056)  Source-Line:libMvCameraControl.so(MediaProcess.cpp-L1876)  ProcessName:hikrobot_camera_node(36856)     Description:[SetBayerThreadNum]Set Bayer Thread Num success! BayerThreadNum[4]
Info    2026-09-29 23:17:34:614  DevID:MV-CA016-10UC(00D36741056)  Source-Line:libMvCameraControl.so(MediaProcess.cpp-L0880)  ProcessName:hikrobot_camera_node(36856)     Description:[SetBayerCvtQuality]Set Bayer CvtQuality success! BayerCvtQuality[1]
Info    2026-09-29 23:17:34:614  DevID:MV-CA016-10UC(00D36741056)  Source-Line:libMvCameraControl.so(MediaProcess.cpp-L1876)  ProcessName:hikrobot_camera_node(36856)     Description:[SetBayerThreadNum]Set Bayer Thread Num success! BayerThreadNum[4]
Info    2026-09-29 23:17:34:614  DevID:MV-CA016-10UC(00D36741056)  Source-Line:libMvCameraControl.so(U3VDevice.cpp-L0854)  ProcessName:hikrobot_camera_node(36856)     Description:[RecordSdkVersion]CamCtrl[0x4080201], U3V SDKVersion[0x4080002], DriverVersion[0x0]
Error   2026-09-29 23:17:34:616  DevID:MV-CA016-10UC(00D36741056)  Source-Line:libMvCameraControl.so(U3VDevice.cpp-L1043)  ProcessName:hikrobot_camera_node(36856)     Description:[OpenDevice]Open device failed! PrivilegeMode[1], SwitchoverKey[0], Ret[0x80000203]
Info    2026-09-29 23:17:35:670  DevID:MV-CA016-10UC(00D36741056)  Source-Line:libMvCameraControl.so(U3VDevice.cpp-L0200)  ProcessName:hikrobot_camera_node(36856)     Description:[Init][U3V Info]Speed[0x300], DeviceAddress[0], VendorName[Hikvision], ManufacturerInfo[Hikvision], DeviceVersion[V1.4.8 181031 206647], UserID[]
Info    2026-09-29 23:17:35:670  DevID:MV-CA016-10UC(00D36741056)  Source-Line:libMvCameraControl.so(MediaProcess.cpp-L0880)  ProcessName:hikrobot_camera_node(36856)     Description:[SetBayerCvtQuality]Set Bayer CvtQuality success! BayerCvtQuality[1]
Info    2026-09-29 23:17:35:670  DevID:MV-CA016-10UC(00D36741056)  Source-Line:libMvCameraControl.so(MediaProcess.cpp-L1876)  ProcessName:hikrobot_camera_node(36856)     Description:[SetBayerThreadNum]Set Bayer Thread Num success! BayerThreadNum[4]
Info    2026-09-29 23:17:35:670  DevID:MV-CA016-10UC(00D36741056)  Source-Line:libMvCameraControl.so(MediaProcess.cpp-L0880)  ProcessName:hikrobot_camera_node(36856)     Description:[SetBayerCvtQuality]Set Bayer CvtQuality success! BayerCvtQuality[1]
Info    2026-09-29 23:17:35:670  DevID:MV-CA016-10UC(00D36741056)  Source-Line:libMvCameraControl.so(MediaProcess.cpp-L1876)  ProcessName:hikrobot_camera_node(36856)     Description:[SetBayerThreadNum]Set Bayer Thread Num success! BayerThreadNum[4]
Info    2026-09-29 23:17:35:670  DevID:MV-CA016-10UC(00D36741056)  Source-Line:libMvCameraControl.so(U3VDevice.cpp-L0854)  ProcessName:hikrobot_camera_node(36856)     Description:[RecordSdkVersion]CamCtrl[0x4080201], U3V SDKVersion[0x4080002], DriverVersion[0x0]
Error   2026-09-29 23:17:35:672  DevID:MV-CA016-10UC(00D36741056)  Source-Line:libMvCameraControl.so(U3VDevice.cpp-L1043)  ProcessName:hikrobot_camera_node(36856)     Description:[OpenDevice]Open device failed! PrivilegeMode[1], SwitchoverKey[0], Ret[0x80000203]
Info    2026-09-29 23:17:36:726  DevID:MV-CA016-10UC(00D36741056)  Source-Line:libMvCameraControl.so(U3VDevice.cpp-L0200)  ProcessName:hikrobot_camera_node(36856)     Description:[Init][U3V Info]Speed[0x300], DeviceAddress[0], VendorName[Hikvision], ManufacturerInfo[Hikvision], DeviceVersion[V1.4.8 181031 206647], UserID[]
Info    2026-09-29 23:17:36:726  DevID:MV-CA016-10UC(00D36741056)  Source-Line:libMvCameraControl.so(MediaProcess.cpp-L0880)  ProcessName:hikrobot_camera_node(36856)     Description:[SetBayerCvtQuality]Set Bayer CvtQuality success! BayerCvtQuality[1]
Info    2026-09-29 23:17:36:726  DevID:MV-CA016-10UC(00D36741056)  Source-Line:libMvCameraControl.so(MediaProcess.cpp-L1876)  ProcessName:hikrobot_camera_node(36856)     Description:[SetBayerThreadNum]Set Bayer Thread Num success! BayerThreadNum[4]
Info    2026-09-29 23:17:36:726  DevID:MV-CA016-10UC(00D36741056)  Source-Line:libMvCameraControl.so(MediaProcess.cpp-L0880)  ProcessName:hikrobot_camera_node(36856)     Description:[SetBayerCvtQuality]Set Bayer CvtQuality success! BayerCvtQuality[1]
Info    2026-09-29 23:17:36:726  DevID:MV-CA016-10UC(00D36741056)  Source-Line:libMvCameraControl.so(MediaProcess.cpp-L1876)  ProcessName:hikrobot_camera_node(36856)     Description:[SetBayerThreadNum]Set Bayer Thread Num success! BayerThreadNum[4]
Info    2026-09-29 23:17:36:726  DevID:MV-CA016-10UC(00D36741056)  Source-Line:libMvCameraControl.so(U3VDevice.cpp-L0854)  ProcessName:hikrobot_camera_node(36856)     Description:[RecordSdkVersion]CamCtrl[0x4080201], U3V SDKVersion[0x4080002], DriverVersion[0x0]
Error   2026-09-29 23:17:36:727  DevID:MV-CA016-10UC(00D36741056)  Source-Line:libMvCameraControl.so(U3VDevice.cpp-L1043)  ProcessName:hikrobot_camera_node(36856)     Description:[OpenDevice]Open device failed! PrivilegeMode[1], SwitchoverKey[0], Ret[0x80000203]
Info    2026-09-29 23:17:37:783  DevID:MV-CA016-10UC(00D36741056)  Source-Line:libMvCameraControl.so(U3VDevice.cpp-L0200)  ProcessName:hikrobot_camera_node(36856)     Description:[Init][U3V Info]Speed[0x300], DeviceAddress[0], VendorName[Hikvision], ManufacturerInfo[Hikvision], DeviceVersion[V1.4.8 181031 206647], UserID[]
Info    2026-09-29 23:17:37:783  DevID:MV-CA016-10UC(00D36741056)  Source-Line:libMvCameraControl.so(MediaProcess.cpp-L0880)  ProcessName:hikrobot_camera_node(36856)     Description:[SetBayerCvtQuality]Set Bayer CvtQuality success! BayerCvtQuality[1]
Info    2026-09-29 23:17:37:783  DevID:MV-CA016-10UC(00D36741056)  Source-Line:libMvCameraControl.so(MediaProcess.cpp-L1876)  ProcessName:hikrobot_camera_node(36856)     Description:[SetBayerThreadNum]Set Bayer Thread Num success! BayerThreadNum[4]
Info    2026-09-29 23:17:37:783  DevID:MV-CA016-10UC(00D36741056)  Source-Line:libMvCameraControl.so(MediaProcess.cpp-L0880)  ProcessName:hikrobot_camera_node(36856)     Description:[SetBayerCvtQuality]Set Bayer CvtQuality success! BayerCvtQuality[1]
Info    2026-09-29 23:17:37:783  DevID:MV-CA016-10UC(00D36741056)  Source-Line:libMvCameraControl.so(MediaProcess.cpp-L1876)  ProcessName:hikrobot_camera_node(36856)     Description:[SetBayerThreadNum]Set Bayer Thread Num success! BayerThreadNum[4]
Info    2026-09-29 23:17:37:783  DevID:MV-CA016-10UC(00D36741056)  Source-Line:libMvCameraControl.so(U3VDevice.cpp-L0854)  ProcessName:hikrobot_camera_node(36856)     Description:[RecordSdkVersion]CamCtrl[0x4080201], U3V SDKVersion[0x4080002], DriverVersion[0x0]
Error   2026-09-29 23:17:37:784  DevID:MV-CA016-10UC(00D36741056)  Source-Line:libMvCameraControl.so(U3VDevice.cpp-L1043)  ProcessName:hikrobot_camera_node(36856)     Description:[OpenDevice]Open device failed! PrivilegeMode[1], SwitchoverKey[0], Ret[0x80000203]
Info    2026-09-29 23:17:38:839  DevID:MV-CA016-10UC(00D36741056)  Source-Line:libMvCameraControl.so(U3VDevice.cpp-L0200)  ProcessName:hikrobot_camera_node(36856)     Description:[Init][U3V Info]Speed[0x300], DeviceAddress[0], VendorName[Hikvision], ManufacturerInfo[Hikvision], DeviceVersion[V1.4.8 181031 206647], UserID[]
Info    2026-09-29 23:17:38:839  DevID:MV-CA016-10UC(00D36741056)  Source-Line:libMvCameraControl.so(MediaProcess.cpp-L0880)  ProcessName:hikrobot_camera_node(36856)     Description:[SetBayerCvtQuality]Set Bayer CvtQuality success! BayerCvtQuality[1]
Info    2026-09-29 23:17:38:839  DevID:MV-CA016-10UC(00D36741056)  Source-Line:libMvCameraControl.so(MediaProcess.cpp-L1876)  ProcessName:hikrobot_camera_node(36856)     Description:[SetBayerThreadNum]Set Bayer Thread Num success! BayerThreadNum[4]
Info    2026-09-29 23:17:38:839  DevID:MV-CA016-10UC(00D36741056)  Source-Line:libMvCameraControl.so(MediaProcess.cpp-L0880)  ProcessName:hikrobot_camera_node(36856)     Description:[SetBayerCvtQuality]Set Bayer CvtQuality success! BayerCvtQuality[1]
Info    2026-09-29 23:17:38:839  DevID:MV-CA016-10UC(00D36741056)  Source-Line:libMvCameraControl.so(MediaProcess.cpp-L1876)  ProcessName:hikrobot_camera_node(36856)     Description:[SetBayerThreadNum]Set Bayer Thread Num success! BayerThreadNum[4]
Info    2026-09-29 23:17:38:839  DevID:MV-CA016-10UC(00D36741056)  Source-Line:libMvCameraControl.so(U3VDevice.cpp-L0854)  ProcessName:hikrobot_camera_node(36856)     Description:[RecordSdkVersion]CamCtrl[0x4080201], U3V SDKVersion[0x4080002], DriverVersion[0x0]
Error   2026-09-29 23:17:38:840  DevID:MV-CA016-10UC(00D36741056)  Source-Line:libMvCameraControl.so(U3VDevice.cpp-L1043)  ProcessName:hikrobot_camera_node(36856)     Description:[OpenDevice]Open device failed! PrivilegeMode[1], SwitchoverKey[0], Ret[0x80000203]
Info    2026-09-29 23:17:39:895  DevID:MV-CA016-10UC(00D36741056)  Source-Line:libMvCameraControl.so(U3VDevice.cpp-L0200)  ProcessName:hikrobot_camera_node(36856)     Description:[Init][U3V Info]Speed[0x300], DeviceAddress[0], VendorName[Hikvision], ManufacturerInfo[Hikvision], DeviceVersion[V1.4.8 181031 206647], UserID[]
Info    2026-09-29 23:17:39:896  DevID:MV-CA016-10UC(00D36741056)  Source-Line:libMvCameraControl.so(MediaProcess.cpp-L0880)  ProcessName:hikrobot_camera_node(36856)     Description:[SetBayerCvtQuality]Set Bayer CvtQuality success! BayerCvtQuality[1]
Info    2026-09-29 23:17:39:896  DevID:MV-CA016-10UC(00D36741056)  Source-Line:libMvCameraControl.so(MediaProcess.cpp-L1876)  ProcessName:hikrobot_camera_node(36856)     Description:[SetBayerThreadNum]Set Bayer Thread Num success! BayerThreadNum[4]
Info    2026-09-29 23:17:39:896  DevID:MV-CA016-10UC(00D36741056)  Source-Line:libMvCameraControl.so(MediaProcess.cpp-L0880)  ProcessName:hikrobot_camera_node(36856)     Description:[SetBayerCvtQuality]Set Bayer CvtQuality success! BayerCvtQuality[1]
Info    2026-09-29 23:17:39:896  DevID:MV-CA016-10UC(00D36741056)  Source-Line:libMvCameraControl.so(MediaProcess.cpp-L1876)  ProcessName:hikrobot_camera_node(36856)     Description:[SetBayerThreadNum]Set Bayer Thread Num success! BayerThreadNum[4]
Info    2026-09-29 23:17:39:896  DevID:MV-CA016-10UC(00D36741056)  Source-Line:libMvCameraControl.so(U3VDevice.cpp-L0854)  ProcessName:hikrobot_camera_node(36856)     Description:[RecordSdkVersion]CamCtrl[0x4080201], U3V SDKVersion[0x4080002], DriverVersion[0x0]
Error   2026-09-29 23:17:39:897  DevID:MV-CA016-10UC(00D36741056)  Source-Line:libMvCameraControl.so(U3VDevice.cpp-L1043)  ProcessName:hikrobot_camera_node(36856)     Description:[OpenDevice]Open device failed! PrivilegeMode[1], SwitchoverKey[0], Ret[0x80000203]
Info    2026-09-29 23:17:40:952  DevID:MV-CA016-10UC(00D36741056)  Source-Line:libMvCameraControl.so(U3VDevice.cpp-L0200)  ProcessName:hikrobot_camera_node(36856)     Description:[Init][U3V Info]Speed[0x300], DeviceAddress[0], VendorName[Hikvision], ManufacturerInfo[Hikvision], DeviceVersion[V1.4.8 181031 206647], UserID[]
Info    2026-09-29 23:17:40:952  DevID:MV-CA016-10UC(00D36741056)  Source-Line:libMvCameraControl.so(MediaProcess.cpp-L0880)  ProcessName:hikrobot_camera_node(36856)     Description:[SetBayerCvtQuality]Set Bayer CvtQuality success! BayerCvtQuality[1]
Info    2026-09-29 23:17:40:952  DevID:MV-CA016-10UC(00D36741056)  Source-Line:libMvCameraControl.so(MediaProcess.cpp-L1876)  ProcessName:hikrobot_camera_node(36856)     Description:[SetBayerThreadNum]Set Bayer Thread Num success! BayerThreadNum[4]
Info    2026-09-29 23:17:40:952  DevID:MV-CA016-10UC(00D36741056)  Source-Line:libMvCameraControl.so(MediaProcess.cpp-L0880)  ProcessName:hikrobot_camera_node(36856)     Description:[SetBayerCvtQuality]Set Bayer CvtQuality success! BayerCvtQuality[1]
Info    2026-09-29 23:17:40:952  DevID:MV-CA016-10UC(00D36741056)  Source-Line:libMvCameraControl.so(MediaProcess.cpp-L1876)  ProcessName:hikrobot_camera_node(36856)     Description:[SetBayerThreadNum]Set Bayer Thread Num success! BayerThreadNum[4]
Info    2026-09-29 23:17:40:952  DevID:MV-CA016-10UC(00D36741056)  Source-Line:libMvCameraControl.so(U3VDevice.cpp-L0854)  ProcessName:hikrobot_camera_node(36856)     Description:[RecordSdkVersion]CamCtrl[0x4080201], U3V SDKVersion[0x4080002], DriverVersion[0x0]
Error   2026-09-29 23:17:40:953  DevID:MV-CA016-10UC(00D36741056)  Source-Line:libMvCameraControl.so(U3VDevice.cpp-L1043)  ProcessName:hikrobot_camera_node(36856)     Description:[OpenDevice]Open device failed! PrivilegeMode[1], SwitchoverKey[0], Ret[0x80000203]
Info    2026-09-29 23:17:42:008  DevID:MV-CA016-10UC(00D36741056)  Source-Line:libMvCameraControl.so(U3VDevice.cpp-L0200)  ProcessName:hikrobot_camera_node(36856)     Description:[Init][U3V Info]Speed[0x300], DeviceAddress[0], VendorName[Hikvision], ManufacturerInfo[Hikvision], DeviceVersion[V1.4.8 181031 206647], UserID[]
Info    2026-09-29 23:17:42:008  DevID:MV-CA016-10UC(00D36741056)  Source-Line:libMvCameraControl.so(MediaProcess.cpp-L0880)  ProcessName:hikrobot_camera_node(36856)     Description:[SetBayerCvtQuality]Set Bayer CvtQuality success! BayerCvtQuality[1]
Info    2026-09-29 23:17:42:008  DevID:MV-CA016-10UC(00D36741056)  Source-Line:libMvCameraControl.so(MediaProcess.cpp-L1876)  ProcessName:hikrobot_camera_node(36856)     Description:[SetBayerThreadNum]Set Bayer Thread Num success! BayerThreadNum[4]
Info    2026-09-29 23:17:42:008  DevID:MV-CA016-10UC(00D36741056)  Source-Line:libMvCameraControl.so(MediaProcess.cpp-L0880)  ProcessName:hikrobot_camera_node(36856)     Description:[SetBayerCvtQuality]Set Bayer CvtQuality success! BayerCvtQuality[1]
Info    2026-09-29 23:17:42:008  DevID:MV-CA016-10UC(00D36741056)  Source-Line:libMvCameraControl.so(MediaProcess.cpp-L1876)  ProcessName:hikrobot_camera_node(36856)     Description:[SetBayerThreadNum]Set Bayer Thread Num success! BayerThreadNum[4]
Info    2026-09-29 23:17:42:008  DevID:MV-CA016-10UC(00D36741056)  Source-Line:libMvCameraControl.so(U3VDevice.cpp-L0854)  ProcessName:hikrobot_camera_node(36856)     Description:[RecordSdkVersion]CamCtrl[0x4080201], U3V SDKVersion[0x4080002], DriverVersion[0x0]
Error   2026-09-29 23:17:42:009  DevID:MV-CA016-10UC(00D36741056)  Source-Line:libMvCameraControl.so(U3VDevice.cpp-L1043)  ProcessName:hikrobot_camera_node(36856)     Description:[OpenDevice]Open device failed! PrivilegeMode[1], SwitchoverKey[0], Ret[0x80000203]
Info    2026-09-29 23:17:43:064  DevID:MV-CA016-10UC(00D36741056)  Source-Line:libMvCameraControl.so(U3VDevice.cpp-L0200)  ProcessName:hikrobot_camera_node(36856)     Description:[Init][U3V Info]Speed[0x300], DeviceAddress[0], VendorName[Hikvision], ManufacturerInfo[Hikvision], DeviceVersion[V1.4.8 181031 206647], UserID[]
Info    2026-09-29 23:17:43:064  DevID:MV-CA016-10UC(00D36741056)  Source-Line:libMvCameraControl.so(MediaProcess.cpp-L0880)  ProcessName:hikrobot_camera_node(36856)     Description:[SetBayerCvtQuality]Set Bayer CvtQuality success! BayerCvtQuality[1]
Info    2026-09-29 23:17:43:064  DevID:MV-CA016-10UC(00D36741056)  Source-Line:libMvCameraControl.so(MediaProcess.cpp-L1876)  ProcessName:hikrobot_camera_node(36856)     Description:[SetBayerThreadNum]Set Bayer Thread Num success! BayerThreadNum[4]
Info    2026-09-29 23:17:43:064  DevID:MV-CA016-10UC(00D36741056)  Source-Line:libMvCameraControl.so(MediaProcess.cpp-L0880)  ProcessName:hikrobot_camera_node(36856)     Description:[SetBayerCvtQuality]Set Bayer CvtQuality success! BayerCvtQuality[1]
Info    2026-09-29 23:17:43:064  DevID:MV-CA016-10UC(00D36741056)  Source-Line:libMvCameraControl.so(MediaProcess.cpp-L1876)  ProcessName:hikrobot_camera_node(36856)     Description:[SetBayerThreadNum]Set Bayer Thread Num success! BayerThreadNum[4]
Info    2026-09-29 23:17:43:064  DevID:MV-CA016-10UC(00D36741056)  Source-Line:libMvCameraControl.so(U3VDevice.cpp-L0854)  ProcessName:hikrobot_camera_node(36856)     Description:[RecordSdkVersion]CamCtrl[0x4080201], U3V SDKVersion[0x4080002], DriverVersion[0x0]
Error   2026-09-29 23:17:43:065  DevID:MV-CA016-10UC(00D36741056)  Source-Line:libMvCameraControl.so(U3VDevice.cpp-L1043)  ProcessName:hikrobot_camera_node(36856)     Description:[OpenDevice]Open device failed! PrivilegeMode[1], SwitchoverKey[0], Ret[0x80000203]
Info    2026-09-29 23:17:44:120  DevID:MV-CA016-10UC(00D36741056)  Source-Line:libMvCameraControl.so(U3VDevice.cpp-L0200)  ProcessName:hikrobot_camera_node(36856)     Description:[Init][U3V Info]Speed[0x300], DeviceAddress[0], VendorName[Hikvision], ManufacturerInfo[Hikvision], DeviceVersion[V1.4.8 181031 206647], UserID[]
Info    2026-09-29 23:17:44:120  DevID:MV-CA016-10UC(00D36741056)  Source-Line:libMvCameraControl.so(MediaProcess.cpp-L0880)  ProcessName:hikrobot_camera_node(36856)     Description:[SetBayerCvtQuality]Set Bayer CvtQuality success! BayerCvtQuality[1]
Info    2026-09-29 23:17:44:120  DevID:MV-CA016-10UC(00D36741056)  Source-Line:libMvCameraControl.so(MediaProcess.cpp-L1876)  ProcessName:hikrobot_camera_node(36856)     Description:[SetBayerThreadNum]Set Bayer Thread Num success! BayerThreadNum[4]
Info    2026-09-29 23:17:44:120  DevID:MV-CA016-10UC(00D36741056)  Source-Line:libMvCameraControl.so(MediaProcess.cpp-L0880)  ProcessName:hikrobot_camera_node(36856)     Description:[SetBayerCvtQuality]Set Bayer CvtQuality success! BayerCvtQuality[1]
Info    2026-09-29 23:17:44:120  DevID:MV-CA016-10UC(00D36741056)  Source-Line:libMvCameraControl.so(MediaProcess.cpp-L1876)  ProcessName:hikrobot_camera_node(36856)     Description:[SetBayerThreadNum]Set Bayer Thread Num success! BayerThreadNum[4]
Info    2026-09-29 23:17:44:120  DevID:MV-CA016-10UC(00D36741056)  Source-Line:libMvCameraControl.so(U3VDevice.cpp-L0854)  ProcessName:hikrobot_camera_node(36856)     Description:[RecordSdkVersion]CamCtrl[0x4080201], U3V SDKVersion[0x4080002], DriverVersion[0x0]
Error   2026-09-29 23:17:44:121  DevID:MV-CA016-10UC(00D36741056)  Source-Line:libMvCameraControl.so(U3VDevice.cpp-L1043)  ProcessName:hikrobot_camera_node(36856)     Description:[OpenDevice]Open device failed! PrivilegeMode[1], SwitchoverKey[0], Ret[0x80000203]
Info    2026-09-29 23:17:45:177  DevID:MV-CA016-10UC(00D36741056)  Source-Line:libMvCameraControl.so(U3VDevice.cpp-L0200)  ProcessName:hikrobot_camera_node(36856)     Description:[Init][U3V Info]Speed[0x300], DeviceAddress[0], VendorName[Hikvision], ManufacturerInfo[Hikvision], DeviceVersion[V1.4.8 181031 206647], UserID[]
Info    2026-09-29 23:17:45:177  DevID:MV-CA016-10UC(00D36741056)  Source-Line:libMvCameraControl.so(MediaProcess.cpp-L0880)  ProcessName:hikrobot_camera_node(36856)     Description:[SetBayerCvtQuality]Set Bayer CvtQuality success! BayerCvtQuality[1]
Info    2026-09-29 23:17:45:177  DevID:MV-CA016-10UC(00D36741056)  Source-Line:libMvCameraControl.so(MediaProcess.cpp-L1876)  ProcessName:hikrobot_camera_node(36856)     Description:[SetBayerThreadNum]Set Bayer Thread Num success! BayerThreadNum[4]
Info    2026-09-29 23:17:45:177  DevID:MV-CA016-10UC(00D36741056)  Source-Line:libMvCameraControl.so(MediaProcess.cpp-L0880)  ProcessName:hikrobot_camera_node(36856)     Description:[SetBayerCvtQuality]Set Bayer CvtQuality success! BayerCvtQuality[1]
Info    2026-09-29 23:17:45:177  DevID:MV-CA016-10UC(00D36741056)  Source-Line:libMvCameraControl.so(MediaProcess.cpp-L1876)  ProcessName:hikrobot_camera_node(36856)     Description:[SetBayerThreadNum]Set Bayer Thread Num success! BayerThreadNum[4]
Info    2026-09-29 23:17:45:177  DevID:MV-CA016-10UC(00D36741056)  Source-Line:libMvCameraControl.so(U3VDevice.cpp-L0854)  ProcessName:hikrobot_camera_node(36856)     Description:[RecordSdkVersion]CamCtrl[0x4080201], U3V SDKVersion[0x4080002], DriverVersion[0x0]
Error   2026-09-29 23:17:45:178  DevID:MV-CA016-10UC(00D36741056)  Source-Line:libMvCameraControl.so(U3VDevice.cpp-L1043)  ProcessName:hikrobot_camera_node(36856)     Description:[OpenDevice]Open device failed! PrivilegeMode[1], SwitchoverKey[0], Ret[0x80000203]
Info    2026-09-29 23:17:46:233  DevID:MV-CA016-10UC(00D36741056)  Source-Line:libMvCameraControl.so(U3VDevice.cpp-L0200)  ProcessName:hikrobot_camera_node(36856)     Description:[Init][U3V Info]Speed[0x300], DeviceAddress[0], VendorName[Hikvision], ManufacturerInfo[Hikvision], DeviceVersion[V1.4.8 181031 206647], UserID[]
Info    2026-09-29 23:17:46:233  DevID:MV-CA016-10UC(00D36741056)  Source-Line:libMvCameraControl.so(MediaProcess.cpp-L0880)  ProcessName:hikrobot_camera_node(36856)     Description:[SetBayerCvtQuality]Set Bayer CvtQuality success! BayerCvtQuality[1]
Info    2026-09-29 23:17:46:233  DevID:MV-CA016-10UC(00D36741056)  Source-Line:libMvCameraControl.so(MediaProcess.cpp-L1876)  ProcessName:hikrobot_camera_node(36856)     Description:[SetBayerThreadNum]Set Bayer Thread Num success! BayerThreadNum[4]
Info    2026-09-29 23:17:46:233  DevID:MV-CA016-10UC(00D36741056)  Source-Line:libMvCameraControl.so(MediaProcess.cpp-L0880)  ProcessName:hikrobot_camera_node(36856)     Description:[SetBayerCvtQuality]Set Bayer CvtQuality success! BayerCvtQuality[1]
Info    2026-09-29 23:17:46:233  DevID:MV-CA016-10UC(00D36741056)  Source-Line:libMvCameraControl.so(MediaProcess.cpp-L1876)  ProcessName:hikrobot_camera_node(36856)     Description:[SetBayerThreadNum]Set Bayer Thread Num success! BayerThreadNum[4]
Info    2026-09-29 23:17:46:233  DevID:MV-CA016-10UC(00D36741056)  Source-Line:libMvCameraControl.so(U3VDevice.cpp-L0854)  ProcessName:hikrobot_camera_node(36856)     Description:[RecordSdkVersion]CamCtrl[0x4080201], U3V SDKVersion[0x4080002], DriverVersion[0x0]
Error   2026-09-29 23:17:46:234  DevID:MV-CA016-10UC(00D36741056)  Source-Line:libMvCameraControl.so(U3VDevice.cpp-L1043)  ProcessName:hikrobot_camera_node(36856)     Description:[OpenDevice]Open device failed! PrivilegeMode[1], SwitchoverKey[0], Ret[0x80000203]
Info    2026-09-29 23:17:47:290  DevID:MV-CA016-10UC(00D36741056)  Source-Line:libMvCameraControl.so(U3VDevice.cpp-L0200)  ProcessName:hikrobot_camera_node(36856)     Description:[Init][U3V Info]Speed[0x300], DeviceAddress[0], VendorName[Hikvision], ManufacturerInfo[Hikvision], DeviceVersion[V1.4.8 181031 206647], UserID[]
Info    2026-09-29 23:17:47:290  DevID:MV-CA016-10UC(00D36741056)  Source-Line:libMvCameraControl.so(MediaProcess.cpp-L0880)  ProcessName:hikrobot_camera_node(36856)     Description:[SetBayerCvtQuality]Set Bayer CvtQuality success! BayerCvtQuality[1]
Info    2026-09-29 23:17:47:290  DevID:MV-CA016-10UC(00D36741056)  Source-Line:libMvCameraControl.so(MediaProcess.cpp-L1876)  ProcessName:hikrobot_camera_node(36856)     Description:[SetBayerThreadNum]Set Bayer Thread Num success! BayerThreadNum[4]
Info    2026-09-29 23:17:47:290  DevID:MV-CA016-10UC(00D36741056)  Source-Line:libMvCameraControl.so(MediaProcess.cpp-L0880)  ProcessName:hikrobot_camera_node(36856)     Description:[SetBayerCvtQuality]Set Bayer CvtQuality success! BayerCvtQuality[1]
Info    2026-09-29 23:17:47:290  DevID:MV-CA016-10UC(00D36741056)  Source-Line:libMvCameraControl.so(MediaProcess.cpp-L1876)  ProcessName:hikrobot_camera_node(36856)     Description:[SetBayerThreadNum]Set Bayer Thread Num success! BayerThreadNum[4]
Info    2026-09-29 23:17:47:290  DevID:MV-CA016-10UC(00D36741056)  Source-Line:libMvCameraControl.so(U3VDevice.cpp-L0854)  ProcessName:hikrobot_camera_node(36856)     Description:[RecordSdkVersion]CamCtrl[0x4080201], U3V SDKVersion[0x4080002], DriverVersion[0x0]
Error   2026-09-29 23:17:47:291  DevID:MV-CA016-10UC(00D36741056)  Source-Line:libMvCameraControl.so(U3VDevice.cpp-L1043)  ProcessName:hikrobot_camera_node(36856)     Description:[OpenDevice]Open device failed! PrivilegeMode[1], SwitchoverKey[0], Ret[0x80000203]
Info    2026-09-29 23:17:48:346  DevID:MV-CA016-10UC(00D36741056)  Source-Line:libMvCameraControl.so(U3VDevice.cpp-L0200)  ProcessName:hikrobot_camera_node(36856)     Description:[Init][U3V Info]Speed[0x300], DeviceAddress[0], VendorName[Hikvision], ManufacturerInfo[Hikvision], DeviceVersion[V1.4.8 181031 206647], UserID[]
Info    2026-09-29 23:17:48:346  DevID:MV-CA016-10UC(00D36741056)  Source-Line:libMvCameraControl.so(MediaProcess.cpp-L0880)  ProcessName:hikrobot_camera_node(36856)     Description:[SetBayerCvtQuality]Set Bayer CvtQuality success! BayerCvtQuality[1]
Info    2026-09-29 23:17:48:346  DevID:MV-CA016-10UC(00D36741056)  Source-Line:libMvCameraControl.so(MediaProcess.cpp-L1876)  ProcessName:hikrobot_camera_node(36856)     Description:[SetBayerThreadNum]Set Bayer Thread Num success! BayerThreadNum[4]
Info    2026-09-29 23:17:48:346  DevID:MV-CA016-10UC(00D36741056)  Source-Line:libMvCameraControl.so(MediaProcess.cpp-L0880)  ProcessName:hikrobot_camera_node(36856)     Description:[SetBayerCvtQuality]Set Bayer CvtQuality success! BayerCvtQuality[1]
Info    2026-09-29 23:17:48:346  DevID:MV-CA016-10UC(00D36741056)  Source-Line:libMvCameraControl.so(MediaProcess.cpp-L1876)  ProcessName:hikrobot_camera_node(36856)     Description:[SetBayerThreadNum]Set Bayer Thread Num success! BayerThreadNum[4]
Info    2026-09-29 23:17:48:346  DevID:MV-CA016-10UC(00D36741056)  Source-Line:libMvCameraControl.so(U3VDevice.cpp-L0854)  ProcessName:hikrobot_camera_node(36856)     Description:[RecordSdkVersion]CamCtrl[0x4080201], U3V SDKVersion[0x4080002], DriverVersion[0x0]
Error   2026-09-29 23:17:48:348  DevID:MV-CA016-10UC(00D36741056)  Source-Line:libMvCameraControl.so(U3VDevice.cpp-L1043)  ProcessName:hikrobot_camera_node(36856)     Description:[OpenDevice]Open device failed! PrivilegeMode[1], SwitchoverKey[0], Ret[0x80000203]
Info    2026-09-29 23:17:49:402  DevID:MV-CA016-10UC(00D36741056)  Source-Line:libMvCameraControl.so(U3VDevice.cpp-L0200)  ProcessName:hikrobot_camera_node(36856)     Description:[Init][U3V Info]Speed[0x300], DeviceAddress[0], VendorName[Hikvision], ManufacturerInfo[Hikvision], DeviceVersion[V1.4.8 181031 206647], UserID[]
Info    2026-09-29 23:17:49:402  DevID:MV-CA016-10UC(00D36741056)  Source-Line:libMvCameraControl.so(MediaProcess.cpp-L0880)  ProcessName:hikrobot_camera_node(36856)     Description:[SetBayerCvtQuality]Set Bayer CvtQuality success! BayerCvtQuality[1]
Info    2026-09-29 23:17:49:402  DevID:MV-CA016-10UC(00D36741056)  Source-Line:libMvCameraControl.so(MediaProcess.cpp-L1876)  ProcessName:hikrobot_camera_node(36856)     Description:[SetBayerThreadNum]Set Bayer Thread Num success! BayerThreadNum[4]
Info    2026-09-29 23:17:49:402  DevID:MV-CA016-10UC(00D36741056)  Source-Line:libMvCameraControl.so(MediaProcess.cpp-L0880)  ProcessName:hikrobot_camera_node(36856)     Description:[SetBayerCvtQuality]Set Bayer CvtQuality success! BayerCvtQuality[1]
Info    2026-09-29 23:17:49:402  DevID:MV-CA016-10UC(00D36741056)  Source-Line:libMvCameraControl.so(MediaProcess.cpp-L1876)  ProcessName:hikrobot_camera_node(36856)     Description:[SetBayerThreadNum]Set Bayer Thread Num success! BayerThreadNum[4]
Info    2026-09-29 23:17:49:402  DevID:MV-CA016-10UC(00D36741056)  Source-Line:libMvCameraControl.so(U3VDevice.cpp-L0854)  ProcessName:hikrobot_camera_node(36856)     Description:[RecordSdkVersion]CamCtrl[0x4080201], U3V SDKVersion[0x4080002], DriverVersion[0x0]
Error   2026-09-29 23:17:49:403  DevID:MV-CA016-10UC(00D36741056)  Source-Line:libMvCameraControl.so(U3VDevice.cpp-L1043)  ProcessName:hikrobot_camera_node(36856)     Description:[OpenDevice]Open device failed! PrivilegeMode[1], SwitchoverKey[0], Ret[0x80000203]
Info    2026-09-29 23:17:50:458  DevID:MV-CA016-10UC(00D36741056)  Source-Line:libMvCameraControl.so(U3VDevice.cpp-L0200)  ProcessName:hikrobot_camera_node(36856)     Description:[Init][U3V Info]Speed[0x300], DeviceAddress[0], VendorName[Hikvision], ManufacturerInfo[Hikvision], DeviceVersion[V1.4.8 181031 206647], UserID[]
Info    2026-09-29 23:17:50:458  DevID:MV-CA016-10UC(00D36741056)  Source-Line:libMvCameraControl.so(MediaProcess.cpp-L0880)  ProcessName:hikrobot_camera_node(36856)     Description:[SetBayerCvtQuality]Set Bayer CvtQuality success! BayerCvtQuality[1]
Info    2026-09-29 23:17:50:458  DevID:MV-CA016-10UC(00D36741056)  Source-Line:libMvCameraControl.so(MediaProcess.cpp-L1876)  ProcessName:hikrobot_camera_node(36856)     Description:[SetBayerThreadNum]Set Bayer Thread Num success! BayerThreadNum[4]
Info    2026-09-29 23:17:50:458  DevID:MV-CA016-10UC(00D36741056)  Source-Line:libMvCameraControl.so(MediaProcess.cpp-L0880)  ProcessName:hikrobot_camera_node(36856)     Description:[SetBayerCvtQuality]Set Bayer CvtQuality success! BayerCvtQuality[1]
Info    2026-09-29 23:17:50:458  DevID:MV-CA016-10UC(00D36741056)  Source-Line:libMvCameraControl.so(MediaProcess.cpp-L1876)  ProcessName:hikrobot_camera_node(36856)     Description:[SetBayerThreadNum]Set Bayer Thread Num success! BayerThreadNum[4]
Info    2026-09-29 23:17:50:458  DevID:MV-CA016-10UC(00D36741056)  Source-Line:libMvCameraControl.so(U3VDevice.cpp-L0854)  ProcessName:hikrobot_camera_node(36856)     Description:[RecordSdkVersion]CamCtrl[0x4080201], U3V SDKVersion[0x4080002], DriverVersion[0x0]
Error   2026-09-29 23:17:50:458  DevID:MV-CA016-10UC(00D36741056)  Source-Line:libMvCameraControl.so(U3VDevice.cpp-L1043)  ProcessName:hikrobot_camera_node(36856)     Description:[OpenDevice]Open device failed! PrivilegeMode[1], SwitchoverKey[0], Ret[0x80000203]
Info    2026-09-29 23:17:51:515  DevID:MV-CA016-10UC(00D36741056)  Source-Line:libMvCameraControl.so(U3VDevice.cpp-L0200)  ProcessName:hikrobot_camera_node(36856)     Description:[Init][U3V Info]Speed[0x300], DeviceAddress[0], VendorName[Hikvision], ManufacturerInfo[Hikvision], DeviceVersion[V1.4.8 181031 206647], UserID[]
Info    2026-09-29 23:17:51:515  DevID:MV-CA016-10UC(00D36741056)  Source-Line:libMvCameraControl.so(MediaProcess.cpp-L0880)  ProcessName:hikrobot_camera_node(36856)     Description:[SetBayerCvtQuality]Set Bayer CvtQuality success! BayerCvtQuality[1]
Info    2026-09-29 23:17:51:515  DevID:MV-CA016-10UC(00D36741056)  Source-Line:libMvCameraControl.so(MediaProcess.cpp-L1876)  ProcessName:hikrobot_camera_node(36856)     Description:[SetBayerThreadNum]Set Bayer Thread Num success! BayerThreadNum[4]
Info    2026-09-29 23:17:51:515  DevID:MV-CA016-10UC(00D36741056)  Source-Line:libMvCameraControl.so(MediaProcess.cpp-L0880)  ProcessName:hikrobot_camera_node(36856)     Description:[SetBayerCvtQuality]Set Bayer CvtQuality success! BayerCvtQuality[1]
Info    2026-09-29 23:17:51:515  DevID:MV-CA016-10UC(00D36741056)  Source-Line:libMvCameraControl.so(MediaProcess.cpp-L1876)  ProcessName:hikrobot_camera_node(36856)     Description:[SetBayerThreadNum]Set Bayer Thread Num success! BayerThreadNum[4]
Info    2026-09-29 23:17:51:515  DevID:MV-CA016-10UC(00D36741056)  Source-Line:libMvCameraControl.so(U3VDevice.cpp-L0854)  ProcessName:hikrobot_camera_node(36856)     Description:[RecordSdkVersion]CamCtrl[0x4080201], U3V SDKVersion[0x4080002], DriverVersion[0x0]
Error   2026-09-29 23:17:51:515  DevID:MV-CA016-10UC(00D36741056)  Source-Line:libMvCameraControl.so(U3VDevice.cpp-L1043)  ProcessName:hikrobot_camera_node(36856)     Description:[OpenDevice]Open device failed! PrivilegeMode[1], SwitchoverKey[0], Ret[0x80000203]
Info    2026-09-29 23:17:52:571  DevID:MV-CA016-10UC(00D36741056)  Source-Line:libMvCameraControl.so(U3VDevice.cpp-L0200)  ProcessName:hikrobot_camera_node(36856)     Description:[Init][U3V Info]Speed[0x300], DeviceAddress[0], VendorName[Hikvision], ManufacturerInfo[Hikvision], DeviceVersion[V1.4.8 181031 206647], UserID[]
Info    2026-09-29 23:17:52:571  DevID:MV-CA016-10UC(00D36741056)  Source-Line:libMvCameraControl.so(MediaProcess.cpp-L0880)  ProcessName:hikrobot_camera_node(36856)     Description:[SetBayerCvtQuality]Set Bayer CvtQuality success! BayerCvtQuality[1]
Info    2026-09-29 23:17:52:571  DevID:MV-CA016-10UC(00D36741056)  Source-Line:libMvCameraControl.so(MediaProcess.cpp-L1876)  ProcessName:hikrobot_camera_node(36856)     Description:[SetBayerThreadNum]Set Bayer Thread Num success! BayerThreadNum[4]
Info    2026-09-29 23:17:52:571  DevID:MV-CA016-10UC(00D36741056)  Source-Line:libMvCameraControl.so(MediaProcess.cpp-L0880)  ProcessName:hikrobot_camera_node(36856)     Description:[SetBayerCvtQuality]Set Bayer CvtQuality success! BayerCvtQuality[1]
Info    2026-09-29 23:17:52:571  DevID:MV-CA016-10UC(00D36741056)  Source-Line:libMvCameraControl.so(MediaProcess.cpp-L1876)  ProcessName:hikrobot_camera_node(36856)     Description:[SetBayerThreadNum]Set Bayer Thread Num success! BayerThreadNum[4]
Info    2026-09-29 23:17:52:571  DevID:MV-CA016-10UC(00D36741056)  Source-Line:libMvCameraControl.so(U3VDevice.cpp-L0854)  ProcessName:hikrobot_camera_node(36856)     Description:[RecordSdkVersion]CamCtrl[0x4080201], U3V SDKVersion[0x4080002], DriverVersion[0x0]
Error   2026-09-29 23:17:52:571  DevID:MV-CA016-10UC(00D36741056)  Source-Line:libMvCameraControl.so(U3VDevice.cpp-L1043)  ProcessName:hikrobot_camera_node(36856)     Description:[OpenDevice]Open device failed! PrivilegeMode[1], SwitchoverKey[0], Ret[0x80000203]
Info    2026-09-29 23:17:53:627  DevID:MV-CA016-10UC(00D36741056)  Source-Line:libMvCameraControl.so(U3VDevice.cpp-L0200)  ProcessName:hikrobot_camera_node(36856)     Description:[Init][U3V Info]Speed[0x300], DeviceAddress[0], VendorName[Hikvision], ManufacturerInfo[Hikvision], DeviceVersion[V1.4.8 181031 206647], UserID[]
Info    2026-09-29 23:17:53:627  DevID:MV-CA016-10UC(00D36741056)  Source-Line:libMvCameraControl.so(MediaProcess.cpp-L0880)  ProcessName:hikrobot_camera_node(36856)     Description:[SetBayerCvtQuality]Set Bayer CvtQuality success! BayerCvtQuality[1]
Info    2026-09-29 23:17:53:627  DevID:MV-CA016-10UC(00D36741056)  Source-Line:libMvCameraControl.so(MediaProcess.cpp-L1876)  ProcessName:hikrobot_camera_node(36856)     Description:[SetBayerThreadNum]Set Bayer Thread Num success! BayerThreadNum[4]
Info    2026-09-29 23:17:53:627  DevID:MV-CA016-10UC(00D36741056)  Source-Line:libMvCameraControl.so(MediaProcess.cpp-L0880)  ProcessName:hikrobot_camera_node(36856)     Description:[SetBayerCvtQuality]Set Bayer CvtQuality success! BayerCvtQuality[1]
Info    2026-09-29 23:17:53:627  DevID:MV-CA016-10UC(00D36741056)  Source-Line:libMvCameraControl.so(MediaProcess.cpp-L1876)  ProcessName:hikrobot_camera_node(36856)     Description:[SetBayerThreadNum]Set Bayer Thread Num success! BayerThreadNum[4]
Info    2026-09-29 23:17:53:628  DevID:MV-CA016-10UC(00D36741056)  Source-Line:libMvCameraControl.so(U3VDevice.cpp-L0854)  ProcessName:hikrobot_camera_node(36856)     Description:[RecordSdkVersion]CamCtrl[0x4080201], U3V SDKVersion[0x4080002], DriverVersion[0x0]
Error   2026-09-29 23:17:53:629  DevID:MV-CA016-10UC(00D36741056)  Source-Line:libMvCameraControl.so(U3VDevice.cpp-L1043)  ProcessName:hikrobot_camera_node(36856)     Description:[OpenDevice]Open device failed! PrivilegeMode[1], SwitchoverKey[0], Ret[0x80000203]
Info    2026-09-29 23:17:54:683  DevID:MV-CA016-10UC(00D36741056)  Source-Line:libMvCameraControl.so(U3VDevice.cpp-L0200)  ProcessName:hikrobot_camera_node(36856)     Description:[Init][U3V Info]Speed[0x300], DeviceAddress[0], VendorName[Hikvision], ManufacturerInfo[Hikvision], DeviceVersion[V1.4.8 181031 206647], UserID[]
Info    2026-09-29 23:17:54:683  DevID:MV-CA016-10UC(00D36741056)  Source-Line:libMvCameraControl.so(MediaProcess.cpp-L0880)  ProcessName:hikrobot_camera_node(36856)     Description:[SetBayerCvtQuality]Set Bayer CvtQuality success! BayerCvtQuality[1]
Info    2026-09-29 23:17:54:683  DevID:MV-CA016-10UC(00D36741056)  Source-Line:libMvCameraControl.so(MediaProcess.cpp-L1876)  ProcessName:hikrobot_camera_node(36856)     Description:[SetBayerThreadNum]Set Bayer Thread Num success! BayerThreadNum[4]
Info    2026-09-29 23:17:54:683  DevID:MV-CA016-10UC(00D36741056)  Source-Line:libMvCameraControl.so(MediaProcess.cpp-L0880)  ProcessName:hikrobot_camera_node(36856)     Description:[SetBayerCvtQuality]Set Bayer CvtQuality success! BayerCvtQuality[1]
Info    2026-09-29 23:17:54:683  DevID:MV-CA016-10UC(00D36741056)  Source-Line:libMvCameraControl.so(MediaProcess.cpp-L1876)  ProcessName:hikrobot_camera_node(36856)     Description:[SetBayerThreadNum]Set Bayer Thread Num success! BayerThreadNum[4]
Info    2026-09-29 23:17:54:683  DevID:MV-CA016-10UC(00D36741056)  Source-Line:libMvCameraControl.so(U3VDevice.cpp-L0854)  ProcessName:hikrobot_camera_node(36856)     Description:[RecordSdkVersion]CamCtrl[0x4080201], U3V SDKVersion[0x4080002], DriverVersion[0x0]
Error   2026-09-29 23:17:54:685  DevID:MV-CA016-10UC(00D36741056)  Source-Line:libMvCameraControl.so(U3VDevice.cpp-L1043)  ProcessName:hikrobot_camera_node(36856)     Description:[OpenDevice]Open device failed! PrivilegeMode[1], SwitchoverKey[0], Ret[0x80000203]
Info    2026-09-29 23:17:55:740  DevID:MV-CA016-10UC(00D36741056)  Source-Line:libMvCameraControl.so(U3VDevice.cpp-L0200)  ProcessName:hikrobot_camera_node(36856)     Description:[Init][U3V Info]Speed[0x300], DeviceAddress[0], VendorName[Hikvision], ManufacturerInfo[Hikvision], DeviceVersion[V1.4.8 181031 206647], UserID[]
Info    2026-09-29 23:17:55:740  DevID:MV-CA016-10UC(00D36741056)  Source-Line:libMvCameraControl.so(MediaProcess.cpp-L0880)  ProcessName:hikrobot_camera_node(36856)     Description:[SetBayerCvtQuality]Set Bayer CvtQuality success! BayerCvtQuality[1]
Info    2026-09-29 23:17:55:740  DevID:MV-CA016-10UC(00D36741056)  Source-Line:libMvCameraControl.so(MediaProcess.cpp-L1876)  ProcessName:hikrobot_camera_node(36856)     Description:[SetBayerThreadNum]Set Bayer Thread Num success! BayerThreadNum[4]
Info    2026-09-29 23:17:55:740  DevID:MV-CA016-10UC(00D36741056)  Source-Line:libMvCameraControl.so(MediaProcess.cpp-L0880)  ProcessName:hikrobot_camera_node(36856)     Description:[SetBayerCvtQuality]Set Bayer CvtQuality success! BayerCvtQuality[1]
Info    2026-09-29 23:17:55:740  DevID:MV-CA016-10UC(00D36741056)  Source-Line:libMvCameraControl.so(MediaProcess.cpp-L1876)  ProcessName:hikrobot_camera_node(36856)     Description:[SetBayerThreadNum]Set Bayer Thread Num success! BayerThreadNum[4]
Info    2026-09-29 23:17:55:740  DevID:MV-CA016-10UC(00D36741056)  Source-Line:libMvCameraControl.so(U3VDevice.cpp-L0854)  ProcessName:hikrobot_camera_node(36856)     Description:[RecordSdkVersion]CamCtrl[0x4080201], U3V SDKVersion[0x4080002], DriverVersion[0x0]
Error   2026-09-29 23:17:55:741  DevID:MV-CA016-10UC(00D36741056)  Source-Line:libMvCameraControl.so(U3VDevice.cpp-L1043)  ProcessName:hikrobot_camera_node(36856)     Description:[OpenDevice]Open device failed! PrivilegeMode[1], SwitchoverKey[0], Ret[0x80000203]
Error   2026-09-29 23:17:56:312  DevID:MV-CA016-10UC(00D36741056)  Source-Line:libMvCameraControl.so(StreamGrab.cpp-L0888)  ProcessName:hikrobot_camera_node(36856)     Description:[StopGrabbing]StreamChannel[0], bGrabbing[0], pDevStream[0x5a76d4df6ea0]
Info    2026-09-29 23:17:56:312  DevID:MV-CA016-10UC(00D36741056)  Source-Line:libMvCameraControl.so(U3VDevice.cpp-L0943)  ProcessName:hikrobot_camera_node(36856)     Description:[CloseU3VDevice]Close device begin!
Info    2026-09-29 23:17:56:312  DevID:MV-CA016-10UC(00D36741056)  Source-Line:libMvCameraControl.so(LiquidLensController.cpp-L2102)  ProcessName:hikrobot_camera_node(36856)     Description:[SetFastQuit][CLiquidLensController]SetFastQuit: Fast quit enabled
